C,C,W,W,W,D,D,G,UTIL,,Instructions
,,,,,,,,,,1. Locate the player you want to select in the list below 
,,,,,,,,,,2. Copy the ID of your player (you can use the Name + ID column or the ID column) 
,,,,,,,,,,3. Paste the ID into the roster position desired 
,,,,,,,,,,4. You must include an ID for each player; you cannot use just the player's name 
,,,,,,,,,,5. You can create up to 500 lineups per file 
 
,,,,,,,,,,Position,Name + ID,Name,ID,Roster Position,Salary,Game Info,TeamAbbrev,AvgPointsPerGame
,,,,,,,,,,C,Nathan MacKinnon (36808541),Nathan MacKinnon,36808541,C/UTIL,9900,VGK@COL 11/27/2024 10:00PM ET,COL,16.11
,,,,,,,,,,RW,Nikita Kucherov (36808861),Nikita Kucherov,36808861,W/UTIL,9800,WSH@TBL 11/27/2024 07:30PM ET,TBL,18.1
,,,,,,,,,,C,Auston Matthews (36808543),Auston Matthews,36808543,C/UTIL,9500,TOR@FLA 11/27/2024 07:30PM ET,TOR,15.67
,,,,,,,,,,LW,Kirill Kaprizov (36808863),Kirill Kaprizov,36808863,W/UTIL,9400,MIN@BUF 11/27/2024 07:00PM ET,MIN,17.74
,,,,,,,,,,C,Jack Eichel (36808545),Jack Eichel,36808545,C/UTIL,9100,VGK@COL 11/27/2024 10:00PM ET,VGK,15.79
,,,,,,,,,,LW,Artemi Panarin (36808865),Artemi Panarin,36808865,W/UTIL,9100,NYR@CAR 11/27/2024 07:00PM ET,NYR,15.47
,,,,,,,,,,RW,David Pastrnak (36808867),David Pastrnak,36808867,W/UTIL,8800,BOS@NYI 11/27/2024 07:30PM ET,BOS,13.10
,,,,,,,,,,RW,Mikko Rantanen (36808869),Mikko Rantanen,36808869,W/UTIL,8500,VGK@COL 11/27/2024 10:00PM ET,COL,16.54
,,,,,,,,,,G,Jake Oettinger (36810001),Jake Oettinger,36810001,G,8500,DAL@CHI 11/27/2024 08:30PM ET,DAL,13.49
,,,,,,,,,,G,Casey DeSmith (36810002),Casey DeSmith,36810002,G,8500,DAL@CHI 11/27/2024 08:30PM ET,DAL,10.48
,,,,,,,,,,G,Joey Daccord (36810003),Joey Daccord,36810003,G,8400,ANA@SEA 11/27/2024 10:00PM ET,SEA,15.63
,,,,,,,,,,G,Philipp Grubauer (36810004),Philipp Grubauer,36810004,G,8400,ANA@SEA 11/27/2024 10:00PM ET,SEA,5.96
,,,,,,,,,,G,Linus Ullmark (36810005),Linus Ullmark,36810005,G,8400,OTT@SJS 11/27/2024 10:30PM ET,OTT,7.1
,,,,,,,,,,G,Anton Forsberg (36810006),Anton Forsberg,36810006,G,8400,OTT@SJS 11/27/2024 10:30PM ET,OTT,10.94
,,,,,,,,,,D,Cale Makar (36809497),Cale Makar,36809497,D/UTIL,8300,VGK@COL 11/27/2024 10:00PM ET,COL,16.06
,,,,,,,,,,G,Jacob Markstrom (36810007),Jacob Markstrom,36810007,G,8300,STL@NJD 11/27/2024 07:00PM ET,NJD,12.39
,,,,,,,,,,G,Jake Allen (36810008),Jake Allen,36810008,G,8300,STL@NJD 11/27/2024 07:00PM ET,NJD,14.55
,,,,,,,,,,G,Juuse Saros (36810009),Juuse Saros,36810009,G,8300,PHI@NSH 11/27/2024 08:00PM ET,NSH,12.98
,,,,,,,,,,LW,Brady Tkachuk (36808871),Brady Tkachuk,36808871,W/UTIL,8300,OTT@SJS 11/27/2024 10:30PM ET,OTT,15.86
,,,,,,,,,,G,Alexandar Georgiev (36810010),Alexandar Georgiev,36810010,G,8200,VGK@COL 11/27/2024 10:00PM ET,COL,7.08
,,,,,,,,,,G,Justus Annunen (36810011),Justus Annunen,36810011,G,8200,VGK@COL 11/27/2024 10:00PM ET,COL,6.39
,,,,,,,,,,C,Jack Hughes (36808547),Jack Hughes,36808547,C/UTIL,8200,STL@NJD 11/27/2024 07:00PM ET,NJD,13.20
,,,,,,,,,,G,Andrei Vasilevskiy (36810012),Andrei Vasilevskiy,36810012,G,8200,WSH@TBL 11/27/2024 07:30PM ET,TBL,13.06
,,,,,,,,,,RW,Matt Boldy (36808873),Matt Boldy,36808873,W/UTIL,8100,MIN@BUF 11/27/2024 07:00PM ET,MIN,14.78
,,,,,,,,,,G,Spencer Martin (36810014),Spencer Martin,36810014,G,8100,NYR@CAR 11/27/2024 07:00PM ET,CAR,4.4
,,,,,,,,,,G,Yaniv Perets (36810015),Yaniv Perets,36810015,G,8100,NYR@CAR 11/27/2024 07:00PM ET,CAR,0
,,,,,,,,,,G,Sergei Bobrovsky (36810016),Sergei Bobrovsky,36810016,G,8100,TOR@FLA 11/27/2024 07:30PM ET,FLA,9.98
,,,,,,,,,,G,Spencer Knight (36810017),Spencer Knight,36810017,G,8100,TOR@FLA 11/27/2024 07:30PM ET,FLA,10.25
,,,,,,,,,,C,Sidney Crosby (36808549),Sidney Crosby,36808549,C/UTIL,8100,VAN@PIT 11/27/2024 07:30PM ET,PIT,12.28
,,,,,,,,,,G,Elvis Merzlikins (36810013),Elvis Merzlikins,36810013,G,8100,MTL@CBJ 11/27/2024 07:30PM ET,CBJ,11.16
,,,,,,,,,,G,Scott Wedgewood (36810018),Scott Wedgewood,36810018,G,8100,PHI@NSH 11/27/2024 08:00PM ET,NSH,6.5
,,,,,,,,,,G,Filip Gustavsson (36810020),Filip Gustavsson,36810020,G,8000,MIN@BUF 11/27/2024 07:00PM ET,MIN,15.49
,,,,,,,,,,G,Marc-Andre Fleury (36810021),Marc-Andre Fleury,36810021,G,8000,MIN@BUF 11/27/2024 07:00PM ET,MIN,13.88
,,,,,,,,,,G,Jonas Johansson (36810019),Jonas Johansson,36810019,G,8000,WSH@TBL 11/27/2024 07:30PM ET,TBL,5.72
,,,,,,,,,,LW,Kyle Connor (36808875),Kyle Connor,36808875,W/UTIL,8000,WPG@LAK 11/27/2024 10:00PM ET,WPG,15.36
,,,,,,,,,,G,Connor Hellebuyck (36810022),Connor Hellebuyck,36810022,G,8000,WPG@LAK 11/27/2024 10:00PM ET,WPG,18.01
,,,,,,,,,,G,Pyotr Kochetkov (36810024),Pyotr Kochetkov,36810024,G,7900,NYR@CAR 11/27/2024 07:00PM ET,CAR,12.62
,,,,,,,,,,G,Frederik Andersen (36810025),Frederik Andersen,36810025,G,7900,NYR@CAR 11/27/2024 07:00PM ET,CAR,15.88
,,,,,,,,,,G,Cam Talbot (36810026),Cam Talbot,36810026,G,7900,CGY@DET 11/27/2024 07:30PM ET,DET,15.06
,,,,,,,,,,G,Alex Lyon (36810027),Alex Lyon,36810027,G,7900,CGY@DET 11/27/2024 07:30PM ET,DET,12.78
,,,,,,,,,,RW,Sam Reinhart (36808877),Sam Reinhart,36808877,W/UTIL,7900,TOR@FLA 11/27/2024 07:30PM ET,FLA,15.85
,,,,,,,,,,G,Daniil Tarasov (36810023),Daniil Tarasov,36810023,G,7900,MTL@CBJ 11/27/2024 07:30PM ET,CBJ,6.54
,,,,,,,,,,G,Troy Grosenick (36810029),Troy Grosenick,36810029,G,7800,MIN@BUF 11/27/2024 07:00PM ET,MIN,0
,,,,,,,,,,G,Ilya Sorokin (36810030),Ilya Sorokin,36810030,G,7800,BOS@NYI 11/27/2024 07:30PM ET,NYI,14
,,,,,,,,,,G,Semyon Varlamov (36810031),Semyon Varlamov,36810031,G,7800,BOS@NYI 11/27/2024 07:30PM ET,NYI,9.52
,,,,,,,,,,G,Kevin Lankinen (36810028),Kevin Lankinen,36810028,G,7800,VAN@PIT 11/27/2024 07:30PM ET,VAN,12.23
,,,,,,,,,,LW,Filip Forsberg (36808879),Filip Forsberg,36808879,W/UTIL,7800,PHI@NSH 11/27/2024 08:00PM ET,NSH,12.46
,,,,,,,,,,G,Eric Comrie (36810032),Eric Comrie,36810032,G,7800,WPG@LAK 11/27/2024 10:00PM ET,WPG,14.28
,,,,,,,,,,LW,Alex Ovechkin (36808881),Alex Ovechkin,36808881,W/UTIL,7700,WSH@TBL 11/27/2024 07:30PM ET,WSH,17.16
,,,,,,,,,,D,Roman Josi (36809499),Roman Josi,36809499,D/UTIL,7700,PHI@NSH 11/27/2024 08:00PM ET,NSH,12.97
,,,,,,,,,,C,Tage Thompson (36808551),Tage Thompson,36808551,C/UTIL,7600,MIN@BUF 11/27/2024 07:00PM ET,BUF,14.13
,,,,,,,,,,RW,William Nylander (36808883),William Nylander,36808883,W/UTIL,7600,TOR@FLA 11/27/2024 07:30PM ET,TOR,15.21
,,,,,,,,,,G,Jeremy Swayman (36810033),Jeremy Swayman,36810033,G,7600,BOS@NYI 11/27/2024 07:30PM ET,BOS,9.48
,,,,,,,,,,G,Joonas Korpisalo (36810038),Joonas Korpisalo,36810038,G,7600,BOS@NYI 11/27/2024 07:30PM ET,BOS,12.56
,,,,,,,,,,G,Arturs Silovs (36810034),Arturs Silovs,36810034,G,7600,VAN@PIT 11/27/2024 07:30PM ET,VAN,3.67
,,,,,,,,,,G,Thatcher Demko (36810035),Thatcher Demko,36810035,G,7600,VAN@PIT 11/27/2024 07:30PM ET,VAN,0
,,,,,,,,,,G,Alex Nedeljkovic (36810036),Alex Nedeljkovic,36810036,G,7600,VAN@PIT 11/27/2024 07:30PM ET,PIT,7.4
,,,,,,,,,,G,Tristan Jarry (36810037),Tristan Jarry,36810037,G,7600,VAN@PIT 11/27/2024 07:30PM ET,PIT,5.53
,,,,,,,,,,G,Dustin Wolf (36810039),Dustin Wolf,36810039,G,7500,CGY@DET 11/27/2024 07:30PM ET,CGY,17.02
,,,,,,,,,,G,Dan Vladar (36810040),Dan Vladar,36810040,G,7500,CGY@DET 11/27/2024 07:30PM ET,CGY,12.19
,,,,,,,,,,C,Brayden Point (36808553),Brayden Point,36808553,C/UTIL,7500,WSH@TBL 11/27/2024 07:30PM ET,TBL,11.79
,,,,,,,,,,LW,Jake Guentzel (36808885),Jake Guentzel,36808885,W/UTIL,7500,WSH@TBL 11/27/2024 07:30PM ET,TBL,11.86
,,,,,,,,,,G,Tristan Lennox (36810041),Tristan Lennox,36810041,G,7500,BOS@NYI 11/27/2024 07:30PM ET,NYI,0
,,,,,,,,,,D,Zach Werenski (36809501),Zach Werenski,36809501,D/UTIL,7500,MTL@CBJ 11/27/2024 07:30PM ET,CBJ,15.13
,,,,,,,,,,G,Ukko-Pekka Luukkonen (36810043),Ukko-Pekka Luukkonen,36810043,G,7400,MIN@BUF 11/27/2024 07:00PM ET,BUF,13.76
,,,,,,,,,,C,Aleksander Barkov (36808555),Aleksander Barkov,36808555,C/UTIL,7400,TOR@FLA 11/27/2024 07:30PM ET,FLA,13.61
,,,,,,,,,,D,Quinn Hughes (36809503),Quinn Hughes,36809503,D/UTIL,7400,VAN@PIT 11/27/2024 07:30PM ET,VAN,13.26
,,,,,,,,,,RW,Travis Konecny (36808887),Travis Konecny,36808887,W/UTIL,7400,PHI@NSH 11/27/2024 08:00PM ET,PHI,14.03
,,,,,,,,,,G,David Rittich (36810042),David Rittich,36810042,G,7400,WPG@LAK 11/27/2024 10:00PM ET,LAK,7.48
,,,,,,,,,,D,Rasmus Dahlin (36809505),Rasmus Dahlin,36809505,D/UTIL,7300,MIN@BUF 11/27/2024 07:00PM ET,BUF,13.65
,,,,,,,,,,G,Igor Shesterkin (36810046),Igor Shesterkin,36810046,G,7300,NYR@CAR 11/27/2024 07:00PM ET,NYR,15.47
,,,,,,,,,,C,John Tavares (36808557),John Tavares,36808557,C/UTIL,7300,TOR@FLA 11/27/2024 07:30PM ET,TOR,13.9
,,,,,,,,,,RW,Mitch Marner (36808889),Mitch Marner,36808889,W/UTIL,7300,TOR@FLA 11/27/2024 07:30PM ET,TOR,13.38
,,,,,,,,,,G,Anthony Stolarz (36810045),Anthony Stolarz,36810045,G,7300,TOR@FLA 11/27/2024 07:30PM ET,TOR,16.14
,,,,,,,,,,G,Sam Montembeault (36810044),Sam Montembeault,36810044,G,7300,MTL@CBJ 11/27/2024 07:30PM ET,MTL,10.19
,,,,,,,,,,G,James Reimer (36810053),James Reimer,36810053,G,7200,MIN@BUF 11/27/2024 07:00PM ET,BUF,9.7
,,,,,,,,,,G,Adin Hill (36810051),Adin Hill,36810051,G,7200,VGK@COL 11/27/2024 10:00PM ET,VGK,10.35
,,,,,,,,,,G,Ilya Samsonov (36810052),Ilya Samsonov,36810052,G,7200,VGK@COL 11/27/2024 10:00PM ET,VGK,14.29
,,,,,,,,,,C,Sebastian Aho (36808559),Sebastian Aho,36808559,C/UTIL,7200,NYR@CAR 11/27/2024 07:00PM ET,CAR,11.72
,,,,,,,,,,RW,Martin Necas (36808891),Martin Necas,36808891,W/UTIL,7200,NYR@CAR 11/27/2024 07:00PM ET,CAR,15.4
,,,,,,,,,,G,Logan Thompson (36810049),Logan Thompson,36810049,G,7200,WSH@TBL 11/27/2024 07:30PM ET,WSH,15.74
,,,,,,,,,,G,Charlie Lindgren (36810050),Charlie Lindgren,36810050,G,7200,WSH@TBL 11/27/2024 07:30PM ET,WSH,10.86
,,,,,,,,,,G,Erik Portillo (36810047),Erik Portillo,36810047,G,7200,WPG@LAK 11/27/2024 10:00PM ET,LAK,0
,,,,,,,,,,G,Darcy Kuemper (36810048),Darcy Kuemper,36810048,G,7200,WPG@LAK 11/27/2024 10:00PM ET,LAK,10.4
,,,,,,,,,,RW,Jesper Bratt (36808893),Jesper Bratt,36808893,W/UTIL,7100,STL@NJD 11/27/2024 07:00PM ET,NJD,13.34
,,,,,,,,,,G,Jordan Binnington (36810059),Jordan Binnington,36810059,G,7100,STL@NJD 11/27/2024 07:00PM ET,STL,9.14
,,,,,,,,,,G,Joel Hofer (36810060),Joel Hofer,36810060,G,7100,STL@NJD 11/27/2024 07:00PM ET,STL,13.24
,,,,,,,,,,G,Jonathan Quick (36810058),Jonathan Quick,36810058,G,7100,NYR@CAR 11/27/2024 07:00PM ET,NYR,19.25
,,,,,,,,,,G,Joseph Woll (36810057),Joseph Woll,36810057,G,7100,TOR@FLA 11/27/2024 07:30PM ET,TOR,14.26
,,,,,,,,,,G,Cayden Primeau (36810054),Cayden Primeau,36810054,G,7100,MTL@CBJ 11/27/2024 07:30PM ET,MTL,1.88
,,,,,,,,,,G,Carey Price (36810055),Carey Price,36810055,G,7100,MTL@CBJ 11/27/2024 07:30PM ET,MTL,0
,,,,,,,,,,G,Ivan Fedotov (36810056),Ivan Fedotov,36810056,G,7100,PHI@NSH 11/27/2024 08:00PM ET,PHI,7.4
,,,,,,,,,,C,Connor Bedard (36808561),Connor Bedard,36808561,C/UTIL,7100,DAL@CHI 11/27/2024 08:30PM ET,CHI,9.80
,,,,,,,,,,RW,Mark Stone (36808895),Mark Stone,36808895,W/UTIL,7000,VGK@COL 11/27/2024 10:00PM ET,VGK,14.32
,,,,,,,,,,G,Robin Lehner (36810062),Robin Lehner,36810062,G,7000,VGK@COL 11/27/2024 10:00PM ET,VGK,0
,,,,,,,,,,C,Dylan Larkin (36808563),Dylan Larkin,36808563,C/UTIL,7000,CGY@DET 11/27/2024 07:30PM ET,DET,10.60
,,,,,,,,,,G,Lukas Dostal (36810061),Lukas Dostal,36810061,G,7000,ANA@SEA 11/27/2024 10:00PM ET,ANA,16.72
,,,,,,,,,,G,MacKenzie Blackwood (36810063),MacKenzie Blackwood,36810063,G,7000,OTT@SJS 11/27/2024 10:30PM ET,SJS,12.64
,,,,,,,,,,G,Vitek Vanecek (36810064),Vitek Vanecek,36810064,G,7000,OTT@SJS 11/27/2024 10:30PM ET,SJS,11.06
,,,,,,,,,,D,Victor Hedman (36809507),Victor Hedman,36809507,D/UTIL,6900,WSH@TBL 11/27/2024 07:30PM ET,TBL,13.2
,,,,,,,,,,G,Aleksei Kolosov (36810066),Aleksei Kolosov,36810066,G,6900,PHI@NSH 11/27/2024 08:00PM ET,PHI,5.96
,,,,,,,,,,G,Samuel Ersson (36810067),Samuel Ersson,36810067,G,6900,PHI@NSH 11/27/2024 08:00PM ET,PHI,10.39
,,,,,,,,,,G,Petr Mrazek (36810065),Petr Mrazek,36810065,G,6900,DAL@CHI 11/27/2024 08:30PM ET,CHI,12.69
,,,,,,,,,,RW,Adrian Kempe (36808897),Adrian Kempe,36808897,W/UTIL,6900,WPG@LAK 11/27/2024 10:00PM ET,LAK,11.69
,,,,,,,,,,C,Tim Stuetzle (36808565),Tim Stuetzle,36808565,C/UTIL,6900,OTT@SJS 11/27/2024 10:30PM ET,OTT,12.02
,,,,,,,,,,RW,Alex Tuch (36808901),Alex Tuch,36808901,W/UTIL,6800,MIN@BUF 11/27/2024 07:00PM ET,BUF,12.81
,,,,,,,,,,C,Nico Hischier (36808567),Nico Hischier,36808567,C/UTIL,6800,STL@NJD 11/27/2024 07:00PM ET,NJD,13.45
,,,,,,,,,,LW,Andrei Svechnikov (36808899),Andrei Svechnikov,36808899,W/UTIL,6800,NYR@CAR 11/27/2024 07:00PM ET,CAR,12.27
,,,,,,,,,,D,Brandon Montour (36809509),Brandon Montour,36809509,D/UTIL,6800,ANA@SEA 11/27/2024 10:00PM ET,SEA,12.64
,,,,,,,,,,G,John Gibson (36810068),John Gibson,36810068,G,6800,ANA@SEA 11/27/2024 10:00PM ET,ANA,14.68
,,,,,,,,,,G,Yaroslav Askarov (36810069),Yaroslav Askarov,36810069,G,6800,OTT@SJS 11/27/2024 10:30PM ET,SJS,17.35
,,,,,,,,,,D,Rasmus Andersson (36809511),Rasmus Andersson,36809511,D/UTIL,6700,CGY@DET 11/27/2024 07:30PM ET,CGY,13.12
,,,,,,,,,,RW,Matthew Tkachuk (36808903),Matthew Tkachuk,36808903,W/UTIL,6700,TOR@FLA 11/27/2024 07:30PM ET,FLA,10.94
,,,,,,,,,,LW,Carter Verhaeghe (36808905),Carter Verhaeghe,36808905,W/UTIL,6700,TOR@FLA 11/27/2024 07:30PM ET,FLA,10.76
,,,,,,,,,,G,Arvid Soderblom (36810070),Arvid Soderblom,36810070,G,6700,DAL@CHI 11/27/2024 08:30PM ET,CHI,14.58
,,,,,,,,,,G,Laurent Brossoit (36810071),Laurent Brossoit,36810071,G,6700,DAL@CHI 11/27/2024 08:30PM ET,CHI,0
,,,,,,,,,,C,Mark Scheifele (36808569),Mark Scheifele,36808569,C/UTIL,6700,WPG@LAK 11/27/2024 10:00PM ET,WPG,13.09
,,,,,,,,,,D,Dougie Hamilton (36809513),Dougie Hamilton,36809513,D/UTIL,6600,STL@NJD 11/27/2024 07:00PM ET,NJD,12.27
,,,,,,,,,,LW,Brandon Hagel (36808909),Brandon Hagel,36808909,W/UTIL,6600,WSH@TBL 11/27/2024 07:30PM ET,TBL,13.95
,,,,,,,,,,C,Evgeni Malkin (36808571),Evgeni Malkin,36808571,C/UTIL,6600,VAN@PIT 11/27/2024 07:30PM ET,PIT,10.24
,,,,,,,,,,RW,Cole Caufield (36808907),Cole Caufield,36808907,W/UTIL,6600,MTL@CBJ 11/27/2024 07:30PM ET,MTL,10.28
,,,,,,,,,,G,Devon Levi (36810077),Devon Levi,36810077,G,6500,MIN@BUF 11/27/2024 07:00PM ET,BUF,5.81
,,,,,,,,,,RW,Jordan Kyrou (36808911),Jordan Kyrou,36808911,W/UTIL,6500,STL@NJD 11/27/2024 07:00PM ET,STL,10.47
,,,,,,,,,,C,Vincent Trocheck (36808573),Vincent Trocheck,36808573,C/UTIL,6500,NYR@CAR 11/27/2024 07:00PM ET,NYR,8.44
,,,,,,,,,,LW,Alex DeBrincat (36808913),Alex DeBrincat,36808913,W/UTIL,6500,CGY@DET 11/27/2024 07:30PM ET,DET,10.03
,,,,,,,,,,D,MacKenzie Weegar (36809515),MacKenzie Weegar,36809515,D/UTIL,6500,CGY@DET 11/27/2024 07:30PM ET,CGY,12.65
,,,,,,,,,,G,Ville Husso (36810076),Ville Husso,36810076,G,6500,CGY@DET 11/27/2024 07:30PM ET,DET,-1.75
,,,,,,,,,,G,Dennis Hildeby (36810074),Dennis Hildeby,36810074,G,6500,TOR@FLA 11/27/2024 07:30PM ET,TOR,7.9
,,,,,,,,,,G,Joel Blomqvist (36810075),Joel Blomqvist,36810075,G,6500,VAN@PIT 11/27/2024 07:30PM ET,PIT,12.71
,,,,,,,,,,G,Kaapo Kahkonen (36810073),Kaapo Kahkonen,36810073,G,6500,WPG@LAK 11/27/2024 10:00PM ET,WPG,-2.8
,,,,,,,,,,G,Tomas Suchanek (36810072),Tomas Suchanek,36810072,G,6500,ANA@SEA 11/27/2024 10:00PM ET,ANA,0
,,,,,,,,,,LW,Jason Robertson (36808917),Jason Robertson,36808917,W/UTIL,6400,DAL@CHI 11/27/2024 08:30PM ET,DAL,8.65
,,,,,,,,,,C,Anze Kopitar (36808575),Anze Kopitar,36808575,C/UTIL,6400,WPG@LAK 11/27/2024 10:00PM ET,LAK,9.96
,,,,,,,,,,D,Brandt Clarke (36809517),Brandt Clarke,36809517,D/UTIL,6400,WPG@LAK 11/27/2024 10:00PM ET,LAK,12.03
,,,,,,,,,,LW,Jared McCann (36808915),Jared McCann,36808915,W/UTIL,6400,ANA@SEA 11/27/2024 10:00PM ET,SEA,11.61
,,,,,,,,,,LW,Timo Meier (36808919),Timo Meier,36808919,W/UTIL,6300,STL@NJD 11/27/2024 07:00PM ET,NJD,11.04
,,,,,,,,,,C,Dylan Strome (36808577),Dylan Strome,36808577,C/UTIL,6300,WSH@TBL 11/27/2024 07:30PM ET,WSH,11.76
,,,,,,,,,,D,Noah Dobson (36809519),Noah Dobson,36809519,D/UTIL,6300,BOS@NYI 11/27/2024 07:30PM ET,NYI,11.26
,,,,,,,,,,RW,Kevin Fiala (36808921),Kevin Fiala,36808921,W/UTIL,6300,WPG@LAK 11/27/2024 10:00PM ET,LAK,9.20
,,,,,,,,,,D,John Carlson (36809521),John Carlson,36809521,D/UTIL,6200,WSH@TBL 11/27/2024 07:30PM ET,WSH,10.26
,,,,,,,,,,C,Elias Pettersson (36808579),Elias Pettersson,36808579,C/UTIL,6200,VAN@PIT 11/27/2024 07:30PM ET,VAN,10.87
,,,,,,,,,,LW,Brock Boeser (36808923),Brock Boeser,36808923,W/UTIL,6200,VAN@PIT 11/27/2024 07:30PM ET,VAN,10.27
,,,,,,,,,,RW,Bryan Rust (36808925),Bryan Rust,36808925,W/UTIL,6200,VAN@PIT 11/27/2024 07:30PM ET,PIT,9.18
,,,,,,,,,,D,Josh Morrissey (36809523),Josh Morrissey,36809523,D/UTIL,6200,WPG@LAK 11/27/2024 10:00PM ET,WPG,11.25
,,,,,,,,,,D,Shea Theodore (36809525),Shea Theodore,36809525,D/UTIL,6100,VGK@COL 11/27/2024 10:00PM ET,VGK,9.68
,,,,,,,,,,LW,Connor McMichael (36808927),Connor McMichael,36808927,W/UTIL,6100,WSH@TBL 11/27/2024 07:30PM ET,WSH,12.93
,,,,,,,,,,C,Matt Duchene (36808581),Matt Duchene,36808581,C/UTIL,6100,DAL@CHI 11/27/2024 08:30PM ET,DAL,11.65
,,,,,,,,,,RW,Tyler Seguin (36808929),Tyler Seguin,36808929,W/UTIL,6100,DAL@CHI 11/27/2024 08:30PM ET,DAL,11.81
,,,,,,,,,,C,Joel Eriksson Ek (36808583),Joel Eriksson Ek,36808583,C/UTIL,6000,MIN@BUF 11/27/2024 07:00PM ET,MIN,7.87
,,,,,,,,,,LW,Ross Colton (36808931),Ross Colton,36808931,W/UTIL,6000,VGK@COL 11/27/2024 10:00PM ET,COL,14.62
,,,,,,,,,,LW,William Karlsson (36808933),William Karlsson,36808933,W/UTIL,6000,VGK@COL 11/27/2024 10:00PM ET,VGK,10.42
,,,,,,,,,,D,Jake Sanderson (36809527),Jake Sanderson,36809527,D/UTIL,6000,OTT@SJS 11/27/2024 10:30PM ET,OTT,10.67
,,,,,,,,,,RW,Tom Wilson (36808935),Tom Wilson,36808935,W/UTIL,5900,WSH@TBL 11/27/2024 07:30PM ET,WSH,10.14
,,,,,,,,,,C,J.T. Miller (36808585),J.T. Miller,36808585,C/UTIL,5900,VAN@PIT 11/27/2024 07:30PM ET,VAN,9.6
,,,,,,,,,,D,Mike Matheson (36809529),Mike Matheson,36809529,D/UTIL,5900,MTL@CBJ 11/27/2024 07:30PM ET,MTL,10.07
,,,,,,,,,,D,Travis Sanheim (36809531),Travis Sanheim,36809531,D/UTIL,5900,PHI@NSH 11/27/2024 08:00PM ET,PHI,12.43
,,,,,,,,,,RW,Nikolaj Ehlers (36808937),Nikolaj Ehlers,36808937,W/UTIL,5900,WPG@LAK 11/27/2024 10:00PM ET,WPG,12.01
,,,,,,,,,,LW,JJ Peterka (36808939),JJ Peterka,36808939,W/UTIL,5800,MIN@BUF 11/27/2024 07:00PM ET,BUF,9.2
,,,,,,,,,,RW,Logan Stankoven (36808941),Logan Stankoven,36808941,W/UTIL,5800,DAL@CHI 11/27/2024 08:30PM ET,DAL,10.46
,,,,,,,,,,D,Miro Heiskanen (36809533),Miro Heiskanen,36809533,D/UTIL,5800,DAL@CHI 11/27/2024 08:30PM ET,DAL,9.37
,,,,,,,,,,C,Mikael Granlund (36808587),Mikael Granlund,36808587,C/UTIL,5800,OTT@SJS 11/27/2024 10:30PM ET,SJS,13.38
,,,,,,,,,,D,Adam Fox (36809535),Adam Fox,36809535,D/UTIL,5700,NYR@CAR 11/27/2024 07:00PM ET,NYR,8.58
,,,,,,,,,,C,Sean Monahan (36808589),Sean Monahan,36808589,C/UTIL,5700,MTL@CBJ 11/27/2024 07:30PM ET,CBJ,12.24
,,,,,,,,,,LW,Owen Tippett (36808945),Owen Tippett,36808945,W/UTIL,5700,PHI@NSH 11/27/2024 08:00PM ET,PHI,9.06
,,,,,,,,,,LW,Frank Vatrano (36808943),Frank Vatrano,36808943,W/UTIL,5700,ANA@SEA 11/27/2024 10:00PM ET,ANA,9.50
,,,,,,,,,,LW,Tomas Hertl (36808947),Tomas Hertl,36808947,W/UTIL,5600,VGK@COL 11/27/2024 10:00PM ET,VGK,10.57
,,,,,,,,,,D,Moritz Seider (36809539),Moritz Seider,36809539,D/UTIL,5600,CGY@DET 11/27/2024 07:30PM ET,DET,9.97
,,,,,,,,,,C,Sam Bennett (36808591),Sam Bennett,36808591,C/UTIL,5600,TOR@FLA 11/27/2024 07:30PM ET,FLA,11.87
,,,,,,,,,,D,Morgan Rielly (36809537),Morgan Rielly,36809537,D/UTIL,5600,TOR@FLA 11/27/2024 07:30PM ET,TOR,9.79
,,,,,,,,,,RW,Wyatt Johnston (36808949),Wyatt Johnston,36808949,W/UTIL,5600,DAL@CHI 11/27/2024 08:30PM ET,DAL,8.56
,,,,,,,,,,D,Thomas Chabot (36809541),Thomas Chabot,36809541,D/UTIL,5600,OTT@SJS 11/27/2024 10:30PM ET,OTT,10.33
,,,,,,,,,,RW,Mats Zuccarello (36808953),Mats Zuccarello,36808953,W/UTIL,5500,MIN@BUF 11/27/2024 07:00PM ET,MIN,9.34
,,,,,,,,,,LW,Artturi Lehkonen (36808951),Artturi Lehkonen,36808951,W/UTIL,5500,VGK@COL 11/27/2024 10:00PM ET,COL,9.08
,,,,,,,,,,C,Anthony Cirelli (36808593),Anthony Cirelli,36808593,C/UTIL,5500,WSH@TBL 11/27/2024 07:30PM ET,TBL,11.85
,,,,,,,,,,D,Seth Jones (36809543),Seth Jones,36809543,D/UTIL,5500,DAL@CHI 11/27/2024 08:30PM ET,CHI,10.72
,,,,,,,,,,D,Vince Dunn (36809545),Vince Dunn,36809545,D/UTIL,5500,ANA@SEA 11/27/2024 10:00PM ET,SEA,12.38
,,,,,,,,,,LW,Valeri Nichushkin (36808955),Valeri Nichushkin,36808955,W/UTIL,5400,VGK@COL 11/27/2024 10:00PM ET,COL,8.48
,,,,,,,,,,RW,Pavel Dorofeyev (36808957),Pavel Dorofeyev,36808957,W/UTIL,5400,VGK@COL 11/27/2024 10:00PM ET,VGK,10.55
,,,,,,,,,,C,Macklin Celebrini (36808595),Macklin Celebrini,36808595,C/UTIL,5400,OTT@SJS 11/27/2024 10:30PM ET,SJS,12.78
,,,,,,,,,,D,Jake Walman (36809547),Jake Walman,36809547,D/UTIL,5400,OTT@SJS 11/27/2024 10:30PM ET,SJS,11.72
,,,,,,,,,,C,Bo Horvat (36808597),Bo Horvat,36808597,C/UTIL,5300,BOS@NYI 11/27/2024 07:30PM ET,NYI,9.50
,,,,,,,,,,D,Erik Karlsson (36809549),Erik Karlsson,36809549,D/UTIL,5300,VAN@PIT 11/27/2024 07:30PM ET,PIT,8.70
,,,,,,,,,,RW,Steven Stamkos (36808959),Steven Stamkos,36808959,W/UTIL,5300,PHI@NSH 11/27/2024 08:00PM ET,NSH,8.45
,,,,,,,,,,RW,Drake Batherson (36808961),Drake Batherson,36808961,W/UTIL,5300,OTT@SJS 11/27/2024 10:30PM ET,OTT,11.24
,,,,,,,,,,C,Mika Zibanejad (36808599),Mika Zibanejad,36808599,C/UTIL,5200,NYR@CAR 11/27/2024 07:00PM ET,NYR,8.98
,,,,,,,,,,RW,Alexis Lafreniere (36808963),Alexis Lafreniere,36808963,W/UTIL,5200,NYR@CAR 11/27/2024 07:00PM ET,NYR,9.16
,,,,,,,,,,LW,Chris Kreider (36808965),Chris Kreider,36808965,W/UTIL,5200,NYR@CAR 11/27/2024 07:00PM ET,NYR,9.09
,,,,,,,,,,D,Jakob Chychrun (36809551),Jakob Chychrun,36809551,D/UTIL,5200,WSH@TBL 11/27/2024 07:30PM ET,WSH,10.36
,,,,,,,,,,D,Alex Pietrangelo (36809553),Alex Pietrangelo,36809553,D/UTIL,5100,VGK@COL 11/27/2024 10:00PM ET,VGK,10.67
,,,,,,,,,,LW,Seth Jarvis (36808967),Seth Jarvis,36808967,W/UTIL,5100,NYR@CAR 11/27/2024 07:00PM ET,CAR,12.34
,,,,,,,,,,C,Nazem Kadri (36808601),Nazem Kadri,36808601,C/UTIL,5100,CGY@DET 11/27/2024 07:30PM ET,CGY,9.34
,,,,,,,,,,LW,Anders Lee (36808969),Anders Lee,36808969,W/UTIL,5100,BOS@NYI 11/27/2024 07:30PM ET,NYI,10.78
,,,,,,,,,,C,Roope Hintz (36808603),Roope Hintz,36808603,C/UTIL,5100,DAL@CHI 11/27/2024 08:30PM ET,DAL,8.96
,,,,,,,,,,D,Jake Middleton (36809557),Jake Middleton,36809557,D/UTIL,5000,MIN@BUF 11/27/2024 07:00PM ET,MIN,10.50
,,,,,,,,,,C,Robert Thomas (36808605),Robert Thomas,36808605,C/UTIL,5000,STL@NJD 11/27/2024 07:00PM ET,STL,8.84
,,,,,,,,,,LW,Rickard Rakell (36808971),Rickard Rakell,36808971,W/UTIL,5000,VAN@PIT 11/27/2024 07:30PM ET,PIT,9.18
,,,,,,,,,,C,Nick Suzuki (36808607),Nick Suzuki,36808607,C/UTIL,5000,MTL@CBJ 11/27/2024 07:30PM ET,MTL,11.06
,,,,,,,,,,LW,Mason Marchment (36808973),Mason Marchment,36808973,W/UTIL,5000,DAL@CHI 11/27/2024 08:30PM ET,DAL,9.90
,,,,,,,,,,D,Neal Pionk (36809555),Neal Pionk,36809555,D/UTIL,5000,WPG@LAK 11/27/2024 10:00PM ET,WPG,10.84
,,,,,,,,,,D,Jonas Brodin (36809559),Jonas Brodin,36809559,D/UTIL,4900,MIN@BUF 11/27/2024 07:00PM ET,MIN,10.08
,,,,,,,,,,RW,Kyle Palmieri (36808977),Kyle Palmieri,36808977,W/UTIL,4900,BOS@NYI 11/27/2024 07:30PM ET,NYI,10.54
,,,,,,,,,,RW,Kirill Marchenko (36808975),Kirill Marchenko,36808975,W/UTIL,4900,MTL@CBJ 11/27/2024 07:30PM ET,CBJ,10.80
,,,,,,,,,,D,Jacob Trouba (36809561),Jacob Trouba,36809561,D/UTIL,4800,NYR@CAR 11/27/2024 07:00PM ET,NYR,10.72
,,,,,,,,,,C,Brock Nelson (36808611),Brock Nelson,36808611,C/UTIL,4800,BOS@NYI 11/27/2024 07:30PM ET,NYI,10.82
,,,,,,,,,,LW,Brad Marchand (36808979),Brad Marchand,36808979,W/UTIL,4800,BOS@NYI 11/27/2024 07:30PM ET,BOS,9.53
,,,,,,,,,,C,Boone Jenner (36808609),Boone Jenner,36808609,C/UTIL,4800,MTL@CBJ 11/27/2024 07:30PM ET,CBJ,0
,,,,,,,,,,RW,Alex Laferriere (36808981),Alex Laferriere,36808981,W/UTIL,4800,WPG@LAK 11/27/2024 10:00PM ET,LAK,9.12
,,,,,,,,,,C,Casey Mittelstadt (36808613),Casey Mittelstadt,36808613,C/UTIL,4700,VGK@COL 11/27/2024 10:00PM ET,COL,9.48
,,,,,,,,,,D,Colton Parayko (36809563),Colton Parayko,36809563,D/UTIL,4700,STL@NJD 11/27/2024 07:00PM ET,STL,11.04
,,,,,,,,,,RW,Patrick Kane (36808985),Patrick Kane,36808985,W/UTIL,4700,CGY@DET 11/27/2024 07:30PM ET,DET,6.28
,,,,,,,,,,C,Mathew Barzal (36808615),Mathew Barzal,36808615,C/UTIL,4700,BOS@NYI 11/27/2024 07:30PM ET,NYI,8.12
,,,,,,,,,,RW,Troy Terry (36808983),Troy Terry,36808983,W/UTIL,4700,ANA@SEA 11/27/2024 10:00PM ET,ANA,8.39
,,,,,,,,,,C,Dylan Cozens (36808617),Dylan Cozens,36808617,C/UTIL,4600,MIN@BUF 11/27/2024 07:00PM ET,BUF,8.51
,,,,,,,,,,C,Marco Rossi (36808619),Marco Rossi,36808619,C/UTIL,4600,MIN@BUF 11/27/2024 07:00PM ET,MIN,8.48
,,,,,,,,,,D,Charlie McAvoy (36809565),Charlie McAvoy,36809565,D/UTIL,4600,BOS@NYI 11/27/2024 07:30PM ET,BOS,8.04
,,,,,,,,,,LW,Trevor Moore (36808987),Trevor Moore,36808987,W/UTIL,4600,WPG@LAK 11/27/2024 10:00PM ET,LAK,7.63
,,,,,,,,,,RW,Jordan Eberle (36808989),Jordan Eberle,36808989,W/UTIL,4600,ANA@SEA 11/27/2024 10:00PM ET,SEA,8.54
,,,,,,,,,,D,Justin Faulk (36809567),Justin Faulk,36809567,D/UTIL,4500,STL@NJD 11/27/2024 07:00PM ET,STL,7.04
,,,,,,,,,,LW,Yegor Chinakhov (36808991),Yegor Chinakhov,36808991,W/UTIL,4500,MTL@CBJ 11/27/2024 07:30PM ET,CBJ,9.6
,,,,,,,,,,RW,Jonathan Marchessault (36808993),Jonathan Marchessault,36808993,W/UTIL,4500,PHI@NSH 11/27/2024 08:00PM ET,NSH,9.25
,,,,,,,,,,C,Ryan Donato (36808621),Ryan Donato,36808621,C/UTIL,4500,DAL@CHI 11/27/2024 08:30PM ET,CHI,9.14
,,,,,,,,,,C,Matty Beniers (36808623),Matty Beniers,36808623,C/UTIL,4500,ANA@SEA 11/27/2024 10:00PM ET,SEA,6.58
,,,,,,,,,,RW,Lucas Raymond (36808997),Lucas Raymond,36808997,W/UTIL,4400,CGY@DET 11/27/2024 07:30PM ET,DET,9.18
,,,,,,,,,,C,Elias Lindholm (36808625),Elias Lindholm,36808625,C/UTIL,4400,BOS@NYI 11/27/2024 07:30PM ET,BOS,7.17
,,,,,,,,,,RW,Patrik Laine (36808995),Patrik Laine,36808995,W/UTIL,4400,MTL@CBJ 11/27/2024 07:30PM ET,MTL,0
,,,,,,,,,,D,Drew Doughty (36809569),Drew Doughty,36809569,D/UTIL,4400,WPG@LAK 11/27/2024 10:00PM ET,LAK,0
,,,,,,,,,,C,Leo Carlsson (36808627),Leo Carlsson,36808627,C/UTIL,4400,ANA@SEA 11/27/2024 10:00PM ET,ANA,6.62
,,,,,,,,,,RW,Tyler Toffoli (36808999),Tyler Toffoli,36808999,W/UTIL,4400,OTT@SJS 11/27/2024 10:30PM ET,SJS,10.48
,,,,,,,,,,D,Jared Spurgeon (36809573),Jared Spurgeon,36809573,D/UTIL,4300,MIN@BUF 11/27/2024 07:00PM ET,MIN,8.15
,,,,,,,,,,LW,Ivan Barbashev (36809003),Ivan Barbashev,36809003,W/UTIL,4300,VGK@COL 11/27/2024 10:00PM ET,VGK,10.82
,,,,,,,,,,RW,Conor Garland (36809001),Conor Garland,36809001,W/UTIL,4300,VAN@PIT 11/27/2024 07:30PM ET,VAN,8.60
,,,,,,,,,,C,Sean Couturier (36808629),Sean Couturier,36808629,C/UTIL,4300,PHI@NSH 11/27/2024 08:00PM ET,PHI,8.3
,,,,,,,,,,C,Ryan O'Reilly (36808631),Ryan O'Reilly,36808631,C/UTIL,4300,PHI@NSH 11/27/2024 08:00PM ET,NSH,6.95
,,,,,,,,,,D,Olen Zellweger (36809571),Olen Zellweger,36809571,D/UTIL,4300,ANA@SEA 11/27/2024 10:00PM ET,ANA,8.77
,,,,,,,,,,D,Noah Hanifin (36809575),Noah Hanifin,36809575,D/UTIL,4200,VGK@COL 11/27/2024 10:00PM ET,VGK,9.13
,,,,,,,,,,C,Mikael Backlund (36808633),Mikael Backlund,36808633,C/UTIL,4200,CGY@DET 11/27/2024 07:30PM ET,CGY,8.42
,,,,,,,,,,RW,Blake Coleman (36809005),Blake Coleman,36809005,W/UTIL,4200,CGY@DET 11/27/2024 07:30PM ET,CGY,7.75
,,,,,,,,,,LW,Matthew Knies (36809009),Matthew Knies,36809009,W/UTIL,4200,TOR@FLA 11/27/2024 07:30PM ET,TOR,7.79
,,,,,,,,,,RW,Gabriel Vilardi (36809007),Gabriel Vilardi,36809007,W/UTIL,4200,WPG@LAK 11/27/2024 10:00PM ET,WPG,8.37
,,,,,,,,,,D,Ryker Evans (36809577),Ryker Evans,36809577,D/UTIL,4200,ANA@SEA 11/27/2024 10:00PM ET,SEA,7.92
,,,,,,,,,,C,Josh Norris (36808635),Josh Norris,36808635,C/UTIL,4200,OTT@SJS 11/27/2024 10:30PM ET,OTT,9.06
,,,,,,,,,,D,Owen Power (36809581),Owen Power,36809581,D/UTIL,4100,MIN@BUF 11/27/2024 07:00PM ET,BUF,9.76
,,,,,,,,,,LW,Pavel Buchnevich (36809013),Pavel Buchnevich,36809013,W/UTIL,4100,STL@NJD 11/27/2024 07:00PM ET,STL,7.7
,,,,,,,,,,C,Anton Lundell (36808639),Anton Lundell,36808639,C/UTIL,4100,TOR@FLA 11/27/2024 07:30PM ET,FLA,9.29
,,,,,,,,,,LW,Juraj Slafkovsky (36809015),Juraj Slafkovsky,36809015,W/UTIL,4100,MTL@CBJ 11/27/2024 07:30PM ET,MTL,6.88
,,,,,,,,,,D,Kaiden Guhle (36809579),Kaiden Guhle,36809579,D/UTIL,4100,MTL@CBJ 11/27/2024 07:30PM ET,MTL,9.32
,,,,,,,,,,RW,Teuvo Teravainen (36809011),Teuvo Teravainen,36809011,W/UTIL,4100,DAL@CHI 11/27/2024 08:30PM ET,CHI,7.47
,,,,,,,,,,C,Mason McTavish (36808637),Mason McTavish,36808637,C/UTIL,4100,ANA@SEA 11/27/2024 10:00PM ET,ANA,6.89
,,,,,,,,,,D,Brock Faber (36809589),Brock Faber,36809589,D/UTIL,4000,MIN@BUF 11/27/2024 07:00PM ET,MIN,6.88
,,,,,,,,,,C,Filip Chytil (36808643),Filip Chytil,36808643,C/UTIL,4000,NYR@CAR 11/27/2024 07:00PM ET,NYR,7.99
,,,,,,,,,,RW,Jack Roslovic (36809019),Jack Roslovic,36809019,W/UTIL,4000,NYR@CAR 11/27/2024 07:00PM ET,CAR,9.63
,,,,,,,,,,D,Shayne Gostisbehere (36809587),Shayne Gostisbehere,36809587,D/UTIL,4000,NYR@CAR 11/27/2024 07:00PM ET,CAR,8.66
,,,,,,,,,,LW,Yegor Sharangovich (36809017),Yegor Sharangovich,36809017,W/UTIL,4000,CGY@DET 11/27/2024 07:30PM ET,CGY,9.27
,,,,,,,,,,C,Adam Fantilli (36808641),Adam Fantilli,36808641,C/UTIL,4000,MTL@CBJ 11/27/2024 07:30PM ET,CBJ,7.07
,,,,,,,,,,D,Alex Vlasic (36809583),Alex Vlasic,36809583,D/UTIL,4000,DAL@CHI 11/27/2024 08:30PM ET,CHI,8.45
,,,,,,,,,,D,Alec Martinez (36809585),Alec Martinez,36809585,D/UTIL,4000,DAL@CHI 11/27/2024 08:30PM ET,CHI,5.9
,,,,,,,,,,RW,Fabian Zetterlund (36809021),Fabian Zetterlund,36809021,W/UTIL,4000,OTT@SJS 11/27/2024 10:30PM ET,SJS,9.62
,,,,,,,,,,RW,Ryan Hartman (36809027),Ryan Hartman,36809027,W/UTIL,3900,MIN@BUF 11/27/2024 07:00PM ET,MIN,8.01
,,,,,,,,,,D,Brent Burns (36809593),Brent Burns,36809593,D/UTIL,3900,NYR@CAR 11/27/2024 07:00PM ET,CAR,6.98
,,,,,,,,,,D,Trevor van Riemsdyk (36809591),Trevor van Riemsdyk,36809591,D/UTIL,3900,WSH@TBL 11/27/2024 07:30PM ET,WSH,9.71
,,,,,,,,,,C,Pavel Zacha (36808645),Pavel Zacha,36808645,C/UTIL,3900,BOS@NYI 11/27/2024 07:30PM ET,BOS,5.94
,,,,,,,,,,LW,Jake DeBrusk (36809025),Jake DeBrusk,36809025,W/UTIL,3900,VAN@PIT 11/27/2024 07:30PM ET,VAN,8.72
,,,,,,,,,,D,Kris Letang (36809595),Kris Letang,36809595,D/UTIL,3900,VAN@PIT 11/27/2024 07:30PM ET,PIT,7.72
,,,,,,,,,,RW,Kent Johnson (36809023),Kent Johnson,36809023,W/UTIL,3900,MTL@CBJ 11/27/2024 07:30PM ET,CBJ,13.25
,,,,,,,,,,D,Thomas Harley (36809597),Thomas Harley,36809597,D/UTIL,3900,DAL@CHI 11/27/2024 08:30PM ET,DAL,7.94
,,,,,,,,,,C,Ryan Strome (36808647),Ryan Strome,36808647,C/UTIL,3900,ANA@SEA 11/27/2024 10:00PM ET,ANA,6.98
,,,,,,,,,,C,Brayden Schenn (36808651),Brayden Schenn,36808651,C/UTIL,3800,STL@NJD 11/27/2024 07:00PM ET,STL,8.09
,,,,,,,,,,LW,Jonathan Huberdeau (36809029),Jonathan Huberdeau,36809029,W/UTIL,3800,CGY@DET 11/27/2024 07:30PM ET,CGY,7.82
,,,,,,,,,,D,Aaron Ekblad (36809599),Aaron Ekblad,36809599,D/UTIL,3800,TOR@FLA 11/27/2024 07:30PM ET,FLA,6.24
,,,,,,,,,,C,Cole Sillinger (36808649),Cole Sillinger,36808649,C/UTIL,3800,MTL@CBJ 11/27/2024 07:30PM ET,CBJ,8.62
,,,,,,,,,,D,Damon Severson (36809601),Damon Severson,36809601,D/UTIL,3800,MTL@CBJ 11/27/2024 07:30PM ET,CBJ,8.68
,,,,,,,,,,RW,Matvei Michkov (36809031),Matvei Michkov,36809031,W/UTIL,3800,PHI@NSH 11/27/2024 08:00PM ET,PHI,9.19
,,,,,,,,,,D,Cam York (36809603),Cam York,36809603,D/UTIL,3800,PHI@NSH 11/27/2024 08:00PM ET,PHI,6.8
,,,,,,,,,,LW,Claude Giroux (36809033),Claude Giroux,36809033,W/UTIL,3800,OTT@SJS 11/27/2024 10:30PM ET,OTT,9.13
,,,,,,,,,,C,Nicolas Roy (36808655),Nicolas Roy,36808655,C/UTIL,3700,VGK@COL 11/27/2024 10:00PM ET,VGK,7.02
,,,,,,,,,,RW,Stefan Noesen (36809035),Stefan Noesen,36809035,W/UTIL,3700,STL@NJD 11/27/2024 07:00PM ET,NJD,9.1
,,,,,,,,,,LW,Bobby McMann (36809039),Bobby McMann,36809039,W/UTIL,3700,TOR@FLA 11/27/2024 07:30PM ET,TOR,7.46
,,,,,,,,,,D,Oliver Ekman-Larsson (36809611),Oliver Ekman-Larsson,36809611,D/UTIL,3700,TOR@FLA 11/27/2024 07:30PM ET,TOR,6.85
,,,,,,,,,,C,Morgan Frost (36808653),Morgan Frost,36808653,C/UTIL,3700,PHI@NSH 11/27/2024 08:00PM ET,PHI,7.41
,,,,,,,,,,D,Nick Seeler (36809605),Nick Seeler,36809605,D/UTIL,3700,PHI@NSH 11/27/2024 08:00PM ET,PHI,7.99
,,,,,,,,,,D,Vladislav Gavrikov (36809607),Vladislav Gavrikov,36809607,D/UTIL,3700,WPG@LAK 11/27/2024 10:00PM ET,LAK,7.47
,,,,,,,,,,LW,Jaden Schwartz (36809037),Jaden Schwartz,36809037,W/UTIL,3700,ANA@SEA 11/27/2024 10:00PM ET,SEA,7.78
,,,,,,,,,,D,Jamie Oleksiak (36809609),Jamie Oleksiak,36809609,D/UTIL,3700,ANA@SEA 11/27/2024 10:00PM ET,SEA,7.34
,,,,,,,,,,C,Ryan McLeod (36808659),Ryan McLeod,36808659,C/UTIL,3600,MIN@BUF 11/27/2024 07:00PM ET,BUF,5.84
,,,,,,,,,,LW,Jason Zucker (36809045),Jason Zucker,36809045,W/UTIL,3600,MIN@BUF 11/27/2024 07:00PM ET,BUF,6.83
,,,,,,,,,,RW,Victor Olofsson (36809043),Victor Olofsson,36809043,W/UTIL,3600,VGK@COL 11/27/2024 10:00PM ET,VGK,10.82
,,,,,,,,,,D,Philip Broberg (36809613),Philip Broberg,36809613,D/UTIL,3600,STL@NJD 11/27/2024 07:00PM ET,STL,7.01
,,,,,,,,,,C,Connor Zary (36808657),Connor Zary,36808657,C/UTIL,3600,CGY@DET 11/27/2024 07:30PM ET,CGY,7.31
,,,,,,,,,,D,Chris Tanev (36809621),Chris Tanev,36809621,D/UTIL,3600,TOR@FLA 11/27/2024 07:30PM ET,TOR,7.88
,,,,,,,,,,D,Gustav Forsling (36809623),Gustav Forsling,36809623,D/UTIL,3600,TOR@FLA 11/27/2024 07:30PM ET,FLA,7.56
,,,,,,,,,,D,Hampus Lindholm (36809615),Hampus Lindholm,36809615,D/UTIL,3600,BOS@NYI 11/27/2024 07:30PM ET,BOS,7.77
,,,,,,,,,,LW,Dmitri Voronkov (36809041),Dmitri Voronkov,36809041,W/UTIL,3600,MTL@CBJ 11/27/2024 07:30PM ET,CBJ,8.77
,,,,,,,,,,D,Brady Skjei (36809625),Brady Skjei,36809625,D/UTIL,3600,PHI@NSH 11/27/2024 08:00PM ET,NSH,6.99
,,,,,,,,,,LW,Jamie Benn (36809047),Jamie Benn,36809047,W/UTIL,3600,DAL@CHI 11/27/2024 08:30PM ET,DAL,7.02
,,,,,,,,,,D,Radko Gudas (36809617),Radko Gudas,36809617,D/UTIL,3600,ANA@SEA 11/27/2024 10:00PM ET,ANA,6.54
,,,,,,,,,,D,Pavel Mintyukov (36809619),Pavel Mintyukov,36809619,D/UTIL,3600,ANA@SEA 11/27/2024 10:00PM ET,ANA,6.91
,,,,,,,,,,C,Logan Couture (36808661),Logan Couture,36808661,C/UTIL,3600,OTT@SJS 11/27/2024 10:30PM ET,SJS,0
,,,,,,,,,,D,Devon Toews (36809627),Devon Toews,36809627,D/UTIL,3500,VGK@COL 11/27/2024 10:00PM ET,COL,6.47
,,,,,,,,,,D,Brayden McNabb (36809633),Brayden McNabb,36809633,D/UTIL,3500,VGK@COL 11/27/2024 10:00PM ET,VGK,7.26
,,,,,,,,,,RW,Nick Paul (36809055),Nick Paul,36809055,W/UTIL,3500,WSH@TBL 11/27/2024 07:30PM ET,TBL,7.56
,,,,,,,,,,RW,Jean-Gabriel Pageau (36809051),Jean-Gabriel Pageau,36809051,W/UTIL,3500,BOS@NYI 11/27/2024 07:30PM ET,NYI,7.23
,,,,,,,,,,D,Ryan Pulock (36809635),Ryan Pulock,36809635,D/UTIL,3500,BOS@NYI 11/27/2024 07:30PM ET,NYI,8.18
,,,,,,,,,,C,Justin Danforth (36808663),Justin Danforth,36808663,C/UTIL,3500,MTL@CBJ 11/27/2024 07:30PM ET,CBJ,8.82
,,,,,,,,,,D,Ivan Provorov (36809629),Ivan Provorov,36809629,D/UTIL,3500,MTL@CBJ 11/27/2024 07:30PM ET,CBJ,6.04
,,,,,,,,,,D,Lane Hutson (36809631),Lane Hutson,36809631,D/UTIL,3500,MTL@CBJ 11/27/2024 07:30PM ET,MTL,6.60
,,,,,,,,,,C,Phillip Danault (36808665),Phillip Danault,36808665,C/UTIL,3500,WPG@LAK 11/27/2024 10:00PM ET,LAK,6.57
,,,,,,,,,,LW,Warren Foegele (36809053),Warren Foegele,36809053,W/UTIL,3500,WPG@LAK 11/27/2024 10:00PM ET,LAK,8.20
,,,,,,,,,,LW,Trevor Zegras (36809049),Trevor Zegras,36809049,W/UTIL,3500,ANA@SEA 11/27/2024 10:00PM ET,ANA,6.72
,,,,,,,,,,D,Bowen Byram (36809647),Bowen Byram,36809647,D/UTIL,3400,MIN@BUF 11/27/2024 07:00PM ET,BUF,6.77
,,,,,,,,,,RW,Jake Neighbours (36809057),Jake Neighbours,36809057,W/UTIL,3400,STL@NJD 11/27/2024 07:00PM ET,STL,6.98
,,,,,,,,,,RW,Matt Coronato (36809059),Matt Coronato,36809059,W/UTIL,3400,CGY@DET 11/27/2024 07:30PM ET,CGY,7.84
,,,,,,,,,,D,Simon Edvinsson (36809645),Simon Edvinsson,36809645,D/UTIL,3400,CGY@DET 11/27/2024 07:30PM ET,DET,9.01
,,,,,,,,,,C,Pierre-Luc Dubois (36808669),Pierre-Luc Dubois,36808669,C/UTIL,3400,WSH@TBL 11/27/2024 07:30PM ET,WSH,7.27
,,,,,,,,,,RW,Anthony Duclair (36809061),Anthony Duclair,36809061,W/UTIL,3400,BOS@NYI 11/27/2024 07:30PM ET,NYI,7.36
,,,,,,,,,,D,Alexander Romanov (36809641),Alexander Romanov,36809641,D/UTIL,3400,BOS@NYI 11/27/2024 07:30PM ET,NYI,7.51
,,,,,,,,,,C,Pius Suter (36808667),Pius Suter,36808667,C/UTIL,3400,VAN@PIT 11/27/2024 07:30PM ET,VAN,6.91
,,,,,,,,,,D,Emil Andrae (36809639),Emil Andrae,36809639,D/UTIL,3400,PHI@NSH 11/27/2024 08:00PM ET,PHI,5.74
,,,,,,,,,,D,Connor Murphy (36809637),Connor Murphy,36809637,D/UTIL,3400,DAL@CHI 11/27/2024 08:30PM ET,CHI,7.47
,,,,,,,,,,D,Esa Lindell (36809649),Esa Lindell,36809649,D/UTIL,3400,DAL@CHI 11/27/2024 08:30PM ET,DAL,7.82
,,,,,,,,,,D,Mikey Anderson (36809643),Mikey Anderson,36809643,D/UTIL,3400,WPG@LAK 11/27/2024 10:00PM ET,LAK,7.21
,,,,,,,,,,RW,Oliver Bjorkstrand (36809063),Oliver Bjorkstrand,36809063,W/UTIL,3400,ANA@SEA 11/27/2024 10:00PM ET,SEA,6.78
,,,,,,,,,,LW,William Eklund (36809065),William Eklund,36809065,W/UTIL,3400,OTT@SJS 11/27/2024 10:30PM ET,SJS,8.33
,,,,,,,,,,C,Jesperi Kotkaniemi (36808673),Jesperi Kotkaniemi,36808673,C/UTIL,3300,NYR@CAR 11/27/2024 07:00PM ET,CAR,6.88
,,,,,,,,,,LW,Will Cuylle (36809075),Will Cuylle,36809075,W/UTIL,3300,NYR@CAR 11/27/2024 07:00PM ET,NYR,9.18
,,,,,,,,,,D,Braden Schneider (36809659),Braden Schneider,36809659,D/UTIL,3300,NYR@CAR 11/27/2024 07:00PM ET,NYR,7.26
,,,,,,,,,,LW,Aliaksei Protas (36809067),Aliaksei Protas,36809067,W/UTIL,3300,WSH@TBL 11/27/2024 07:30PM ET,WSH,8.25
,,,,,,,,,,D,Matt Roy (36809653),Matt Roy,36809653,D/UTIL,3300,WSH@TBL 11/27/2024 07:30PM ET,WSH,6.78
,,,,,,,,,,RW,Anthony Beauvillier (36809073),Anthony Beauvillier,36809073,W/UTIL,3300,VAN@PIT 11/27/2024 07:30PM ET,PIT,7.01
,,,,,,,,,,D,Filip Hronek (36809651),Filip Hronek,36809651,D/UTIL,3300,VAN@PIT 11/27/2024 07:30PM ET,VAN,5.34
,,,,,,,,,,C,Nick Foligno (36808671),Nick Foligno,36808671,C/UTIL,3300,DAL@CHI 11/27/2024 08:30PM ET,CHI,6.55
,,,,,,,,,,C,Quinton Byfield (36808675),Quinton Byfield,36808675,C/UTIL,3300,WPG@LAK 11/27/2024 10:00PM ET,LAK,5.8
,,,,,,,,,,LW,Nino Niederreiter (36809071),Nino Niederreiter,36809071,W/UTIL,3300,WPG@LAK 11/27/2024 10:00PM ET,WPG,8.89
,,,,,,,,,,LW,Cutter Gauthier (36809069),Cutter Gauthier,36809069,W/UTIL,3300,ANA@SEA 11/27/2024 10:00PM ET,ANA,6.6
,,,,,,,,,,D,Jackson LaCombe (36809655),Jackson LaCombe,36809655,D/UTIL,3300,ANA@SEA 11/27/2024 10:00PM ET,ANA,7.82
,,,,,,,,,,D,Adam Larsson (36809657),Adam Larsson,36809657,D/UTIL,3300,ANA@SEA 11/27/2024 10:00PM ET,SEA,6.97
,,,,,,,,,,LW,Jordan Greenway (36809087),Jordan Greenway,36809087,W/UTIL,3200,MIN@BUF 11/27/2024 07:00PM ET,BUF,6.08
,,,,,,,,,,LW,Jonathan Drouin (36809077),Jonathan Drouin,36809077,W/UTIL,3200,VGK@COL 11/27/2024 10:00PM ET,COL,8.24
,,,,,,,,,,C,Erik Haula (36808677),Erik Haula,36808677,C/UTIL,3200,STL@NJD 11/27/2024 07:00PM ET,NJD,6.82
,,,,,,,,,,D,Jaccob Slavin (36809665),Jaccob Slavin,36809665,D/UTIL,3200,NYR@CAR 11/27/2024 07:00PM ET,CAR,6.61
,,,,,,,,,,D,Rasmus Sandin (36809663),Rasmus Sandin,36809663,D/UTIL,3200,WSH@TBL 11/27/2024 07:30PM ET,WSH,8.09
,,,,,,,,,,D,J.J. Moser (36809667),J.J. Moser,36809667,D/UTIL,3200,WSH@TBL 11/27/2024 07:30PM ET,TBL,6.8
,,,,,,,,,,RW,Kiefer Sherwood (36809081),Kiefer Sherwood,36809081,W/UTIL,3200,VAN@PIT 11/27/2024 07:30PM ET,VAN,8.20
,,,,,,,,,,D,Marcus Pettersson (36809669),Marcus Pettersson,36809669,D/UTIL,3200,VAN@PIT 11/27/2024 07:30PM ET,PIT,6.97
,,,,,,,,,,D,David Savard (36809661),David Savard,36809661,D/UTIL,3200,MTL@CBJ 11/27/2024 07:30PM ET,MTL,7
,,,,,,,,,,LW,Taylor Hall (36809079),Taylor Hall,36809079,W/UTIL,3200,DAL@CHI 11/27/2024 08:30PM ET,CHI,6.40
,,,,,,,,,,C,Vladislav Namestnikov (36808679),Vladislav Namestnikov,36808679,C/UTIL,3200,WPG@LAK 11/27/2024 10:00PM ET,WPG,6.94
,,,,,,,,,,RW,Daniel Sprong (36809083),Daniel Sprong,36809083,W/UTIL,3200,ANA@SEA 11/27/2024 10:00PM ET,SEA,5.68
,,,,,,,,,,LW,Brandon Tanev (36809085),Brandon Tanev,36809085,W/UTIL,3200,ANA@SEA 11/27/2024 10:00PM ET,SEA,7.99
,,,,,,,,,,C,Alexander Wennberg (36808681),Alexander Wennberg,36808681,C/UTIL,3200,OTT@SJS 11/27/2024 10:30PM ET,SJS,6.86
,,,,,,,,,,D,Artem Zub (36809671),Artem Zub,36809671,D/UTIL,3200,OTT@SJS 11/27/2024 10:30PM ET,OTT,6.02
,,,,,,,,,,C,Frederick Gaudreau (36808689),Frederick Gaudreau,36808689,C/UTIL,3100,MIN@BUF 11/27/2024 07:00PM ET,MIN,7.03
,,,,,,,,,,RW,Reilly Smith (36809099),Reilly Smith,36809099,W/UTIL,3100,NYR@CAR 11/27/2024 07:00PM ET,NYR,6.16
,,,,,,,,,,D,Dmitry Orlov (36809677),Dmitry Orlov,36809677,D/UTIL,3100,NYR@CAR 11/27/2024 07:00PM ET,CAR,7.51
,,,,,,,,,,LW,Vladimir Tarasenko (36809101),Vladimir Tarasenko,36809101,W/UTIL,3100,CGY@DET 11/27/2024 07:30PM ET,DET,5.13
,,,,,,,,,,D,Ben Chiarot (36809679),Ben Chiarot,36809679,D/UTIL,3100,CGY@DET 11/27/2024 07:30PM ET,DET,6.33
,,,,,,,,,,LW,Max Domi (36809095),Max Domi,36809095,W/UTIL,3100,TOR@FLA 11/27/2024 07:30PM ET,TOR,4.15
,,,,,,,,,,LW,Evan Rodrigues (36809097),Evan Rodrigues,36809097,W/UTIL,3100,TOR@FLA 11/27/2024 07:30PM ET,FLA,6.17
,,,,,,,,,,LW,Maxim Tsyplakov (36809091),Maxim Tsyplakov,36809091,W/UTIL,3100,BOS@NYI 11/27/2024 07:30PM ET,NYI,5.33
,,,,,,,,,,D,Brandon Carlo (36809673),Brandon Carlo,36809673,D/UTIL,3100,BOS@NYI 11/27/2024 07:30PM ET,BOS,7.07
,,,,,,,,,,D,Erik Brannstrom (36809675),Erik Brannstrom,36809675,D/UTIL,3100,VAN@PIT 11/27/2024 07:30PM ET,VAN,6.31
,,,,,,,,,,LW,Tyler Bertuzzi (36809089),Tyler Bertuzzi,36809089,W/UTIL,3100,DAL@CHI 11/27/2024 08:30PM ET,CHI,5.75
,,,,,,,,,,C,Adam Lowry (36808683),Adam Lowry,36808683,C/UTIL,3100,WPG@LAK 11/27/2024 10:00PM ET,WPG,7.63
,,,,,,,,,,LW,Cole Perfetti (36809093),Cole Perfetti,36809093,W/UTIL,3100,WPG@LAK 11/27/2024 10:00PM ET,WPG,7.82
,,,,,,,,,,C,Chandler Stephenson (36808685),Chandler Stephenson,36808685,C/UTIL,3100,ANA@SEA 11/27/2024 10:00PM ET,SEA,5.28
,,,,,,,,,,C,Shane Pinto (36808687),Shane Pinto,36808687,C/UTIL,3100,OTT@SJS 11/27/2024 10:30PM ET,OTT,5.26
,,,,,,,,,,D,Timothy Liljegren (36809681),Timothy Liljegren,36809681,D/UTIL,3100,OTT@SJS 11/27/2024 10:30PM ET,SJS,5.78
,,,,,,,,,,C,Brett Howden (36808697),Brett Howden,36808697,C/UTIL,3000,VGK@COL 11/27/2024 10:00PM ET,VGK,6.88
,,,,,,,,,,RW,Dawson Mercer (36809105),Dawson Mercer,36809105,W/UTIL,3000,STL@NJD 11/27/2024 07:00PM ET,NJD,7.28
,,,,,,,,,,D,Nick Leddy (36809683),Nick Leddy,36809683,D/UTIL,3000,STL@NJD 11/27/2024 07:00PM ET,STL,3.12
,,,,,,,,,,LW,Jordan Martinook (36809111),Jordan Martinook,36809111,W/UTIL,3000,NYR@CAR 11/27/2024 07:00PM ET,CAR,7.9
,,,,,,,,,,RW,Jackson Blake (36809113),Jackson Blake,36809113,W/UTIL,3000,NYR@CAR 11/27/2024 07:00PM ET,CAR,6.28
,,,,,,,,,,D,K'Andre Miller (36809693),K'Andre Miller,36809693,D/UTIL,3000,NYR@CAR 11/27/2024 07:00PM ET,NYR,6.26
,,,,,,,,,,RW,Andrei Kuzmenko (36809107),Andrei Kuzmenko,36809107,W/UTIL,3000,CGY@DET 11/27/2024 07:30PM ET,CGY,4.70
,,,,,,,,,,LW,Anthony Mantha (36809109),Anthony Mantha,36809109,W/UTIL,3000,CGY@DET 11/27/2024 07:30PM ET,CGY,6.57
,,,,,,,,,,C,Nic Dowd (36808693),Nic Dowd,36808693,C/UTIL,3000,WSH@TBL 11/27/2024 07:30PM ET,WSH,5.90
,,,,,,,,,,D,Ryan McDonagh (36809689),Ryan McDonagh,36809689,D/UTIL,3000,WSH@TBL 11/27/2024 07:30PM ET,TBL,6.42
,,,,,,,,,,D,Jake McCabe (36809691),Jake McCabe,36809691,D/UTIL,3000,TOR@FLA 11/27/2024 07:30PM ET,TOR,6.07
,,,,,,,,,,LW,Michael Bunting (36809115),Michael Bunting,36809115,W/UTIL,3000,VAN@PIT 11/27/2024 07:30PM ET,PIT,5.59
,,,,,,,,,,LW,Drew O'Connor (36809117),Drew O'Connor,36809117,W/UTIL,3000,VAN@PIT 11/27/2024 07:30PM ET,PIT,6.02
,,,,,,,,,,C,Kirby Dach (36808691),Kirby Dach,36808691,C/UTIL,3000,MTL@CBJ 11/27/2024 07:30PM ET,MTL,5.87
,,,,,,,,,,RW,Brendan Gallagher (36809103),Brendan Gallagher,36809103,W/UTIL,3000,MTL@CBJ 11/27/2024 07:30PM ET,MTL,8.12
,,,,,,,,,,C,Ryan Poehling (36808695),Ryan Poehling,36808695,C/UTIL,3000,PHI@NSH 11/27/2024 08:00PM ET,PHI,6.01
,,,,,,,,,,D,Rasmus Ristolainen (36809685),Rasmus Ristolainen,36809685,D/UTIL,3000,PHI@NSH 11/27/2024 08:00PM ET,PHI,5.76
,,,,,,,,,,D,Dylan Samberg (36809687),Dylan Samberg,36809687,D/UTIL,3000,WPG@LAK 11/27/2024 10:00PM ET,WPG,6.36
,,,,,,,,,,D,Travis Hamonic (36809695),Travis Hamonic,36809695,D/UTIL,3000,OTT@SJS 11/27/2024 10:30PM ET,OTT,5.73
,,,,,,,,,,D,Marc-Edouard Vlasic (36809697),Marc-Edouard Vlasic,36809697,D/UTIL,3000,OTT@SJS 11/27/2024 10:30PM ET,SJS,0
,,,,,,,,,,C,Jiri Kulich (36808707),Jiri Kulich,36808707,C/UTIL,2900,MIN@BUF 11/27/2024 07:00PM ET,BUF,6.18
,,,,,,,,,,D,Samuel Girard (36809699),Samuel Girard,36809699,D/UTIL,2900,VGK@COL 11/27/2024 10:00PM ET,COL,8.11
,,,,,,,,,,LW,Dylan Holloway (36809121),Dylan Holloway,36809121,W/UTIL,2900,STL@NJD 11/27/2024 07:00PM ET,STL,6.77
,,,,,,,,,,D,Brett Pesce (36809707),Brett Pesce,36809707,D/UTIL,2900,STL@NJD 11/27/2024 07:00PM ET,NJD,7.02
,,,,,,,,,,C,Kaapo Kakko (36808703),Kaapo Kakko,36808703,C/UTIL,2900,NYR@CAR 11/27/2024 07:00PM ET,NYR,6.85
,,,,,,,,,,C,J.T. Compher (36808705),J.T. Compher,36808705,C/UTIL,2900,CGY@DET 11/27/2024 07:30PM ET,DET,4.98
,,,,,,,,,,LW,Max Pacioretty (36809127),Max Pacioretty,36809127,W/UTIL,2900,TOR@FLA 11/27/2024 07:30PM ET,TOR,6.58
,,,,,,,,,,D,Jani Hakanpaa (36809717),Jani Hakanpaa,36809717,D/UTIL,2900,TOR@FLA 11/27/2024 07:30PM ET,TOR,5.6
,,,,,,,,,,C,Charlie Coyle (36808701),Charlie Coyle,36808701,C/UTIL,2900,BOS@NYI 11/27/2024 07:30PM ET,BOS,5.16
,,,,,,,,,,RW,Justin Brazeau (36809123),Justin Brazeau,36809123,W/UTIL,2900,BOS@NYI 11/27/2024 07:30PM ET,BOS,6.04
,,,,,,,,,,D,Mason Lohrei (36809703),Mason Lohrei,36809703,D/UTIL,2900,BOS@NYI 11/27/2024 07:30PM ET,BOS,5.47
,,,,,,,,,,D,Tyler Myers (36809705),Tyler Myers,36809705,D/UTIL,2900,VAN@PIT 11/27/2024 07:30PM ET,VAN,6.05
,,,,,,,,,,RW,Mathieu Olivier (36809119),Mathieu Olivier,36809119,W/UTIL,2900,MTL@CBJ 11/27/2024 07:30PM ET,CBJ,7.56
,,,,,,,,,,D,Dante Fabbro (36809701),Dante Fabbro,36809701,D/UTIL,2900,MTL@CBJ 11/27/2024 07:30PM ET,CBJ,6.97
,,,,,,,,,,LW,Joel Farabee (36809125),Joel Farabee,36809125,W/UTIL,2900,PHI@NSH 11/27/2024 08:00PM ET,PHI,6.12
,,,,,,,,,,RW,Gustav Nyquist (36809129),Gustav Nyquist,36809129,W/UTIL,2900,PHI@NSH 11/27/2024 08:00PM ET,NSH,5.37
,,,,,,,,,,D,Egor Zamula (36809711),Egor Zamula,36809711,D/UTIL,2900,PHI@NSH 11/27/2024 08:00PM ET,PHI,5.98
,,,,,,,,,,D,Jamie Drysdale (36809713),Jamie Drysdale,36809713,D/UTIL,2900,PHI@NSH 11/27/2024 08:00PM ET,PHI,5.66
,,,,,,,,,,C,Jason Dickinson (36808699),Jason Dickinson,36808699,C/UTIL,2900,DAL@CHI 11/27/2024 08:30PM ET,CHI,5.23
,,,,,,,,,,RW,Evgenii Dadonov (36809135),Evgenii Dadonov,36809135,W/UTIL,2900,DAL@CHI 11/27/2024 08:30PM ET,DAL,6.70
,,,,,,,,,,D,Joel Edmundson (36809715),Joel Edmundson,36809715,D/UTIL,2900,WPG@LAK 11/27/2024 10:00PM ET,LAK,6.86
,,,,,,,,,,D,Brian Dumoulin (36809709),Brian Dumoulin,36809709,D/UTIL,2900,ANA@SEA 11/27/2024 10:00PM ET,ANA,6.46
,,,,,,,,,,RW,Adam Gaudette (36809131),Adam Gaudette,36809131,W/UTIL,2900,OTT@SJS 11/27/2024 10:30PM ET,OTT,6.72
,,,,,,,,,,LW,Luke Kunin (36809133),Luke Kunin,36809133,W/UTIL,2900,OTT@SJS 11/27/2024 10:30PM ET,SJS,6.93
,,,,,,,,,,RW,Jack Quinn (36809153),Jack Quinn,36809153,W/UTIL,2800,MIN@BUF 11/27/2024 07:00PM ET,BUF,4.26
,,,,,,,,,,LW,Marcus Johansson (36809155),Marcus Johansson,36809155,W/UTIL,2800,MIN@BUF 11/27/2024 07:00PM ET,MIN,6.28
,,,,,,,,,,D,Declan Chisholm (36809735),Declan Chisholm,36809735,D/UTIL,2800,MIN@BUF 11/27/2024 07:00PM ET,MIN,3.66
,,,,,,,,,,LW,Brandon Saad (36809139),Brandon Saad,36809139,W/UTIL,2800,STL@NJD 11/27/2024 07:00PM ET,STL,5.23
,,,,,,,,,,D,Ryan Suter (36809719),Ryan Suter,36809719,D/UTIL,2800,STL@NJD 11/27/2024 07:00PM ET,STL,5.15
,,,,,,,,,,D,Brenden Dillon (36809723),Brenden Dillon,36809723,D/UTIL,2800,STL@NJD 11/27/2024 07:00PM ET,NJD,5.58
,,,,,,,,,,C,Jack Drury (36808711),Jack Drury,36808711,C/UTIL,2800,NYR@CAR 11/27/2024 07:00PM ET,CAR,5.00
,,,,,,,,,,C,Marco Kasper (36808717),Marco Kasper,36808717,C/UTIL,2800,CGY@DET 11/27/2024 07:30PM ET,DET,4.99
,,,,,,,,,,RW,Andrew Mangiapane (36809143),Andrew Mangiapane,36809143,W/UTIL,2800,WSH@TBL 11/27/2024 07:30PM ET,WSH,5.67
,,,,,,,,,,D,Martin Fehervary (36809721),Martin Fehervary,36809721,D/UTIL,2800,WSH@TBL 11/27/2024 07:30PM ET,WSH,6.04
,,,,,,,,,,D,Niko Mikkola (36809729),Niko Mikkola,36809729,D/UTIL,2800,TOR@FLA 11/27/2024 07:30PM ET,FLA,6.80
,,,,,,,,,,LW,Morgan Geekie (36809141),Morgan Geekie,36809141,W/UTIL,2800,BOS@NYI 11/27/2024 07:30PM ET,BOS,4.25
,,,,,,,,,,C,Jake Evans (36808709),Jake Evans,36808709,C/UTIL,2800,MTL@CBJ 11/27/2024 07:30PM ET,MTL,5.71
,,,,,,,,,,C,Tommy Novak (36808715),Tommy Novak,36808715,C/UTIL,2800,PHI@NSH 11/27/2024 08:00PM ET,NSH,4.95
,,,,,,,,,,RW,Craig Smith (36809137),Craig Smith,36809137,W/UTIL,2800,DAL@CHI 11/27/2024 08:30PM ET,CHI,6.83
,,,,,,,,,,C,Yanni Gourde (36808713),Yanni Gourde,36808713,C/UTIL,2800,ANA@SEA 11/27/2024 10:00PM ET,SEA,4.80
,,,,,,,,,,RW,Alex Killorn (36809145),Alex Killorn,36809145,W/UTIL,2800,ANA@SEA 11/27/2024 10:00PM ET,ANA,5.16
,,,,,,,,,,RW,Brett Leason (36809147),Brett Leason,36809147,W/UTIL,2800,ANA@SEA 11/27/2024 10:00PM ET,ANA,5.91
,,,,,,,,,,LW,Robby Fabbri (36809149),Robby Fabbri,36809149,W/UTIL,2800,ANA@SEA 11/27/2024 10:00PM ET,ANA,3.94
,,,,,,,,,,RW,Andre Burakovsky (36809151),Andre Burakovsky,36809151,W/UTIL,2800,ANA@SEA 11/27/2024 10:00PM ET,SEA,4.84
,,,,,,,,,,D,Drew Helleson (36809725),Drew Helleson,36809725,D/UTIL,2800,ANA@SEA 11/27/2024 10:00PM ET,ANA,7.28
,,,,,,,,,,D,Cam Fowler (36809727),Cam Fowler,36809727,D/UTIL,2800,ANA@SEA 11/27/2024 10:00PM ET,ANA,5
,,,,,,,,,,D,Nick Jensen (36809731),Nick Jensen,36809731,D/UTIL,2800,OTT@SJS 11/27/2024 10:30PM ET,OTT,6.16
,,,,,,,,,,D,Mario Ferraro (36809733),Mario Ferraro,36809733,D/UTIL,2800,OTT@SJS 11/27/2024 10:30PM ET,SJS,5.23
,,,,,,,,,,LW,Miles Wood (36809157),Miles Wood,36809157,W/UTIL,2700,VGK@COL 11/27/2024 10:00PM ET,COL,5.26
,,,,,,,,,,RW,Keegan Kolesar (36809171),Keegan Kolesar,36809171,W/UTIL,2700,VGK@COL 11/27/2024 10:00PM ET,VGK,5.97
,,,,,,,,,,D,Zach Whitecloud (36809745),Zach Whitecloud,36809745,D/UTIL,2700,VGK@COL 11/27/2024 10:00PM ET,VGK,5.90
,,,,,,,,,,LW,Ondrej Palat (36809163),Ondrej Palat,36809163,W/UTIL,2700,STL@NJD 11/27/2024 07:00PM ET,NJD,4.88
,,,,,,,,,,D,Jonas Siegenthaler (36809737),Jonas Siegenthaler,36809737,D/UTIL,2700,STL@NJD 11/27/2024 07:00PM ET,NJD,6.35
,,,,,,,,,,D,Luke Hughes (36809739),Luke Hughes,36809739,D/UTIL,2700,STL@NJD 11/27/2024 07:00PM ET,NJD,4.19
,,,,,,,,,,C,Jordan Staal (36808723),Jordan Staal,36808723,C/UTIL,2700,NYR@CAR 11/27/2024 07:00PM ET,CAR,5.1
,,,,,,,,,,D,Kevin Bahl (36809741),Kevin Bahl,36809741,D/UTIL,2700,CGY@DET 11/27/2024 07:30PM ET,CGY,5.88
,,,,,,,,,,D,Jeff Petry (36809755),Jeff Petry,36809755,D/UTIL,2700,CGY@DET 11/27/2024 07:30PM ET,DET,4.05
,,,,,,,,,,C,Conor Geekie (36808725),Conor Geekie,36808725,C/UTIL,2700,WSH@TBL 11/27/2024 07:30PM ET,TBL,4.50
,,,,,,,,,,D,Darren Raddysh (36809749),Darren Raddysh,36809749,D/UTIL,2700,WSH@TBL 11/27/2024 07:30PM ET,TBL,5.37
,,,,,,,,,,C,Noel Acciari (36808727),Noel Acciari,36808727,C/UTIL,2700,VAN@PIT 11/27/2024 07:30PM ET,PIT,5.52
,,,,,,,,,,C,Blake Lizotte (36808729),Blake Lizotte,36808729,C/UTIL,2700,VAN@PIT 11/27/2024 07:30PM ET,PIT,4.89
,,,,,,,,,,D,Matt Grzelcyk (36809751),Matt Grzelcyk,36809751,D/UTIL,2700,VAN@PIT 11/27/2024 07:30PM ET,PIT,6.19
,,,,,,,,,,RW,Joel Armia (36809161),Joel Armia,36809161,W/UTIL,2700,MTL@CBJ 11/27/2024 07:30PM ET,MTL,5.43
,,,,,,,,,,RW,Bobby Brink (36809167),Bobby Brink,36809167,W/UTIL,2700,PHI@NSH 11/27/2024 08:00PM ET,PHI,6.40
,,,,,,,,,,LW,Scott Laughton (36809169),Scott Laughton,36809169,W/UTIL,2700,PHI@NSH 11/27/2024 08:00PM ET,PHI,5.87
,,,,,,,,,,RW,Luke Evangelista (36809179),Luke Evangelista,36809179,W/UTIL,2700,PHI@NSH 11/27/2024 08:00PM ET,NSH,5.62
,,,,,,,,,,D,Helge Grans (36809743),Helge Grans,36809743,D/UTIL,2700,PHI@NSH 11/27/2024 08:00PM ET,PHI,4.1
,,,,,,,,,,D,Alexandre Carrier (36809753),Alexandre Carrier,36809753,D/UTIL,2700,PHI@NSH 11/27/2024 08:00PM ET,NSH,5.55
,,,,,,,,,,C,Lukas Reichel (36808719),Lukas Reichel,36808719,C/UTIL,2700,DAL@CHI 11/27/2024 08:30PM ET,CHI,6.68
,,,,,,,,,,RW,Philipp Kurashev (36809159),Philipp Kurashev,36809159,W/UTIL,2700,DAL@CHI 11/27/2024 08:30PM ET,CHI,4.26
,,,,,,,,,,RW,Mason Appleton (36809173),Mason Appleton,36809173,W/UTIL,2700,WPG@LAK 11/27/2024 10:00PM ET,WPG,6.84
,,,,,,,,,,LW,Alex Turcotte (36809175),Alex Turcotte,36809175,W/UTIL,2700,WPG@LAK 11/27/2024 10:00PM ET,LAK,4.03
,,,,,,,,,,D,Jordan Spence (36809747),Jordan Spence,36809747,D/UTIL,2700,WPG@LAK 11/27/2024 10:00PM ET,LAK,5.7
,,,,,,,,,,C,Isac Lundestrom (36808721),Isac Lundestrom,36808721,C/UTIL,2700,ANA@SEA 11/27/2024 10:00PM ET,ANA,4.71
,,,,,,,,,,RW,Brock McGinn (36809165),Brock McGinn,36809165,W/UTIL,2700,ANA@SEA 11/27/2024 10:00PM ET,ANA,5.84
,,,,,,,,,,LW,Eeli Tolvanen (36809177),Eeli Tolvanen,36809177,W/UTIL,2700,ANA@SEA 11/27/2024 10:00PM ET,SEA,5.04
,,,,,,,,,,D,Cody Ceci (36809757),Cody Ceci,36809757,D/UTIL,2700,OTT@SJS 11/27/2024 10:30PM ET,SJS,5.92
,,,,,,,,,,LW,Zach Benson (36809201),Zach Benson,36809201,W/UTIL,2600,MIN@BUF 11/27/2024 07:00PM ET,BUF,4.55
,,,,,,,,,,RW,Cal Burke (36809191),Cal Burke,36809191,W/UTIL,2600,VGK@COL 11/27/2024 10:00PM ET,VGK,5.82
,,,,,,,,,,RW,Alexander Holtz (36809193),Alexander Holtz,36809193,W/UTIL,2600,VGK@COL 11/27/2024 10:00PM ET,VGK,4.53
,,,,,,,,,,D,Kaedan Korczak (36809767),Kaedan Korczak,36809767,D/UTIL,2600,VGK@COL 11/27/2024 10:00PM ET,VGK,5.57
,,,,,,,,,,D,Josh Manson (36809785),Josh Manson,36809785,D/UTIL,2600,VGK@COL 11/27/2024 10:00PM ET,COL,5.87
,,,,,,,,,,D,Scott Perunovich (36809759),Scott Perunovich,36809759,D/UTIL,2600,STL@NJD 11/27/2024 07:00PM ET,STL,4.99
,,,,,,,,,,D,Johnathan Kovacevic (36809787),Johnathan Kovacevic,36809787,D/UTIL,2600,STL@NJD 11/27/2024 07:00PM ET,NJD,5.27
,,,,,,,,,,LW,Eric Robinson (36809195),Eric Robinson,36809195,W/UTIL,2600,NYR@CAR 11/27/2024 07:00PM ET,CAR,5.91
,,,,,,,,,,D,Ryan Lindgren (36809779),Ryan Lindgren,36809779,D/UTIL,2600,NYR@CAR 11/27/2024 07:00PM ET,NYR,5.63
,,,,,,,,,,D,Jalen Chatfield (36809789),Jalen Chatfield,36809789,D/UTIL,2600,NYR@CAR 11/27/2024 07:00PM ET,CAR,5.79
,,,,,,,,,,C,Andrew Copp (36808743),Andrew Copp,36808743,C/UTIL,2600,CGY@DET 11/27/2024 07:30PM ET,DET,5.41
,,,,,,,,,,LW,Martin Pospisil (36809189),Martin Pospisil,36809189,W/UTIL,2600,CGY@DET 11/27/2024 07:30PM ET,CGY,4.56
,,,,,,,,,,D,Daniil Miromanov (36809765),Daniil Miromanov,36809765,D/UTIL,2600,CGY@DET 11/27/2024 07:30PM ET,CGY,5.24
,,,,,,,,,,RW,Jakub Vrana (36809187),Jakub Vrana,36809187,W/UTIL,2600,WSH@TBL 11/27/2024 07:30PM ET,WSH,5.08
,,,,,,,,,,LW,Gage Goncalves (36809199),Gage Goncalves,36809199,W/UTIL,2600,WSH@TBL 11/27/2024 07:30PM ET,TBL,2.1
,,,,,,,,,,D,Erik Cernak (36809775),Erik Cernak,36809775,D/UTIL,2600,WSH@TBL 11/27/2024 07:30PM ET,TBL,5.00
,,,,,,,,,,C,Pontus Holmberg (36808739),Pontus Holmberg,36808739,C/UTIL,2600,TOR@FLA 11/27/2024 07:30PM ET,TOR,3.66
,,,,,,,,,,C,Mark Kastelic (36808731),Mark Kastelic,36808731,C/UTIL,2600,BOS@NYI 11/27/2024 07:30PM ET,BOS,4.38
,,,,,,,,,,RW,Cole Koepke (36809183),Cole Koepke,36809183,W/UTIL,2600,BOS@NYI 11/27/2024 07:30PM ET,BOS,5.17
,,,,,,,,,,RW,Oliver Wahlstrom (36809197),Oliver Wahlstrom,36809197,W/UTIL,2600,BOS@NYI 11/27/2024 07:30PM ET,NYI,2.99
,,,,,,,,,,D,Nikita Zadorov (36809761),Nikita Zadorov,36809761,D/UTIL,2600,BOS@NYI 11/27/2024 07:30PM ET,BOS,4.48
,,,,,,,,,,D,Scott Mayfield (36809769),Scott Mayfield,36809769,D/UTIL,2600,BOS@NYI 11/27/2024 07:30PM ET,NYI,5.56
,,,,,,,,,,D,Adam Pelech (36809771),Adam Pelech,36809771,D/UTIL,2600,BOS@NYI 11/27/2024 07:30PM ET,NYI,6.46
,,,,,,,,,,C,Teddy Blueger (36808733),Teddy Blueger,36808733,C/UTIL,2600,VAN@PIT 11/27/2024 07:30PM ET,VAN,5.50
,,,,,,,,,,D,Carson Soucy (36809763),Carson Soucy,36809763,D/UTIL,2600,VAN@PIT 11/27/2024 07:30PM ET,VAN,5.03
,,,,,,,,,,LW,Alex Newhook (36809185),Alex Newhook,36809185,W/UTIL,2600,MTL@CBJ 11/27/2024 07:30PM ET,MTL,4.17
,,,,,,,,,,C,Colton Sissons (36808741),Colton Sissons,36808741,C/UTIL,2600,PHI@NSH 11/27/2024 08:00PM ET,NSH,3.74
,,,,,,,,,,D,Jeremy Lauzon (36809777),Jeremy Lauzon,36809777,D/UTIL,2600,PHI@NSH 11/27/2024 08:00PM ET,NSH,4.04
,,,,,,,,,,LW,Ilya Mikheyev (36809181),Ilya Mikheyev,36809181,W/UTIL,2600,DAL@CHI 11/27/2024 08:30PM ET,CHI,3.63
,,,,,,,,,,D,Ilya Lyubushkin (36809783),Ilya Lyubushkin,36809783,D/UTIL,2600,DAL@CHI 11/27/2024 08:30PM ET,DAL,5.63
,,,,,,,,,,C,David Gustafsson (36808735),David Gustafsson,36808735,C/UTIL,2600,WPG@LAK 11/27/2024 10:00PM ET,WPG,3
,,,,,,,,,,C,Samuel Helenius (36808737),Samuel Helenius,36808737,C/UTIL,2600,WPG@LAK 11/27/2024 10:00PM ET,LAK,4.03
,,,,,,,,,,D,Dylan DeMelo (36809773),Dylan DeMelo,36809773,D/UTIL,2600,WPG@LAK 11/27/2024 10:00PM ET,WPG,4.19
,,,,,,,,,,C,Nico Sturm (36808745),Nico Sturm,36808745,C/UTIL,2600,OTT@SJS 11/27/2024 10:30PM ET,SJS,4.53
,,,,,,,,,,RW,Ridly Greig (36809203),Ridly Greig,36809203,W/UTIL,2600,OTT@SJS 11/27/2024 10:30PM ET,OTT,4.74
,,,,,,,,,,RW,David Perron (36809205),David Perron,36809205,W/UTIL,2600,OTT@SJS 11/27/2024 10:30PM ET,OTT,4.31
,,,,,,,,,,D,Jacob Bernard-Docker (36809781),Jacob Bernard-Docker,36809781,D/UTIL,2600,OTT@SJS 11/27/2024 10:30PM ET,OTT,4.34
,,,,,,,,,,C,Peyton Krebs (36808847),Peyton Krebs,36808847,C/UTIL,2500,MIN@BUF 11/27/2024 07:00PM ET,BUF,3.79
,,,,,,,,,,C,Ben Jones (36808857),Ben Jones,36808857,C/UTIL,2500,MIN@BUF 11/27/2024 07:00PM ET,MIN,1.87
,,,,,,,,,,C,Marat Khusnutdinov (36808859),Marat Khusnutdinov,36808859,C/UTIL,2500,MIN@BUF 11/27/2024 07:00PM ET,MIN,2.21
,,,,,,,,,,RW,Isak Rosen (36809443),Isak Rosen,36809443,W/UTIL,2500,MIN@BUF 11/27/2024 07:00PM ET,BUF,0
,,,,,,,,,,RW,Sam Lafferty (36809445),Sam Lafferty,36809445,W/UTIL,2500,MIN@BUF 11/27/2024 07:00PM ET,BUF,1.72
,,,,,,,,,,LW,Beck Malenstyn (36809447),Beck Malenstyn,36809447,W/UTIL,2500,MIN@BUF 11/27/2024 07:00PM ET,BUF,3.75
,,,,,,,,,,RW,Nicolas Aube-Kubel (36809449),Nicolas Aube-Kubel,36809449,W/UTIL,2500,MIN@BUF 11/27/2024 07:00PM ET,BUF,0.86
,,,,,,,,,,LW,Marcus Foligno (36809481),Marcus Foligno,36809481,W/UTIL,2500,MIN@BUF 11/27/2024 07:00PM ET,MIN,4.00
,,,,,,,,,,RW,Yakov Trenin (36809483),Yakov Trenin,36809483,W/UTIL,2500,MIN@BUF 11/27/2024 07:00PM ET,MIN,2.04
,,,,,,,,,,RW,Devin Shore (36809485),Devin Shore,36809485,W/UTIL,2500,MIN@BUF 11/27/2024 07:00PM ET,MIN,1.8
,,,,,,,,,,LW,Jakub Lauko (36809487),Jakub Lauko,36809487,W/UTIL,2500,MIN@BUF 11/27/2024 07:00PM ET,MIN,3.60
,,,,,,,,,,LW,Travis Boyd (36809489),Travis Boyd,36809489,W/UTIL,2500,MIN@BUF 11/27/2024 07:00PM ET,MIN,0
,,,,,,,,,,LW,Liam Ohgren (36809491),Liam Ohgren,36809491,W/UTIL,2500,MIN@BUF 11/27/2024 07:00PM ET,MIN,2.36
,,,,,,,,,,LW,Luke Toporowski (36809493),Luke Toporowski,36809493,W/UTIL,2500,MIN@BUF 11/27/2024 07:00PM ET,MIN,0
,,,,,,,,,,LW,Michael Milne (36809495),Michael Milne,36809495,W/UTIL,2500,MIN@BUF 11/27/2024 07:00PM ET,MIN,0
,,,,,,,,,,D,Henri Jokiharju (36809973),Henri Jokiharju,36809973,D/UTIL,2500,MIN@BUF 11/27/2024 07:00PM ET,BUF,4.62
,,,,,,,,,,D,Jacob Bryson (36809975),Jacob Bryson,36809975,D/UTIL,2500,MIN@BUF 11/27/2024 07:00PM ET,BUF,4.86
,,,,,,,,,,D,Connor Clifton (36809977),Connor Clifton,36809977,D/UTIL,2500,MIN@BUF 11/27/2024 07:00PM ET,BUF,4.76
,,,,,,,,,,D,Dennis Gilbert (36809979),Dennis Gilbert,36809979,D/UTIL,2500,MIN@BUF 11/27/2024 07:00PM ET,BUF,2.02
,,,,,,,,,,D,Mattias Samuelsson (36809981),Mattias Samuelsson,36809981,D/UTIL,2500,MIN@BUF 11/27/2024 07:00PM ET,BUF,3.92
,,,,,,,,,,D,Zach Bogosian (36809997),Zach Bogosian,36809997,D/UTIL,2500,MIN@BUF 11/27/2024 07:00PM ET,MIN,4.50
,,,,,,,,,,D,Jon Merrill (36809999),Jon Merrill,36809999,D/UTIL,2500,MIN@BUF 11/27/2024 07:00PM ET,MIN,3.42
,,,,,,,,,,C,Parker Kelly (36808747),Parker Kelly,36808747,C/UTIL,2500,VGK@COL 11/27/2024 10:00PM ET,COL,4.55
,,,,,,,,,,C,Matt Stienburg (36808749),Matt Stienburg,36808749,C/UTIL,2500,VGK@COL 11/27/2024 10:00PM ET,COL,0.91
,,,,,,,,,,C,Nikita Prishchepov (36808751),Nikita Prishchepov,36808751,C/UTIL,2500,VGK@COL 11/27/2024 10:00PM ET,COL,1.22
,,,,,,,,,,C,Chris Wagner (36808753),Chris Wagner,36808753,C/UTIL,2500,VGK@COL 11/27/2024 10:00PM ET,COL,3.25
,,,,,,,,,,C,Cole Schwindt (36808799),Cole Schwindt,36808799,C/UTIL,2500,VGK@COL 11/27/2024 10:00PM ET,VGK,3.37
,,,,,,,,,,C,Jakub Demek (36808801),Jakub Demek,36808801,C/UTIL,2500,VGK@COL 11/27/2024 10:00PM ET,VGK,0
,,,,,,,,,,C,Jordan Gustafson (36808803),Jordan Gustafson,36808803,C/UTIL,2500,VGK@COL 11/27/2024 10:00PM ET,VGK,0
,,,,,,,,,,RW,Logan O'Connor (36809207),Logan O'Connor,36809207,W/UTIL,2500,VGK@COL 11/27/2024 10:00PM ET,COL,3.52
,,,,,,,,,,LW,Joel Kiviranta (36809209),Joel Kiviranta,36809209,W/UTIL,2500,VGK@COL 11/27/2024 10:00PM ET,COL,4.26
,,,,,,,,,,LW,Gabriel Landeskog (36809211),Gabriel Landeskog,36809211,W/UTIL,2500,VGK@COL 11/27/2024 10:00PM ET,COL,0
,,,,,,,,,,LW,Ivan Ivan (36809213),Ivan Ivan,36809213,W/UTIL,2500,VGK@COL 11/27/2024 10:00PM ET,COL,5.30
,,,,,,,,,,RW,T.J. Tynan (36809215),T.J. Tynan,36809215,W/UTIL,2500,VGK@COL 11/27/2024 10:00PM ET,COL,2.02
,,,,,,,,,,RW,Calum Ritchie (36809217),Calum Ritchie,36809217,W/UTIL,2500,VGK@COL 11/27/2024 10:00PM ET,COL,4.37
,,,,,,,,,,RW,Nikolai Kovalenko (36809219),Nikolai Kovalenko,36809219,W/UTIL,2500,VGK@COL 11/27/2024 10:00PM ET,COL,4.16
,,,,,,,,,,LW,Tanner Pearson (36809325),Tanner Pearson,36809325,W/UTIL,2500,VGK@COL 11/27/2024 10:00PM ET,VGK,5.54
,,,,,,,,,,LW,Mason Morelli (36809327),Mason Morelli,36809327,W/UTIL,2500,VGK@COL 11/27/2024 10:00PM ET,VGK,0
,,,,,,,,,,LW,Brendan Brisson (36809329),Brendan Brisson,36809329,W/UTIL,2500,VGK@COL 11/27/2024 10:00PM ET,VGK,1.5
,,,,,,,,,,LW,Jonas Rondbjerg (36809331),Jonas Rondbjerg,36809331,W/UTIL,2500,VGK@COL 11/27/2024 10:00PM ET,VGK,0.65
,,,,,,,,,,D,Calvin de Haan (36809791),Calvin de Haan,36809791,D/UTIL,2500,VGK@COL 11/27/2024 10:00PM ET,COL,5.83
,,,,,,,,,,D,Sam Malinski (36809793),Sam Malinski,36809793,D/UTIL,2500,VGK@COL 11/27/2024 10:00PM ET,COL,4.79
,,,,,,,,,,D,John Ludvig (36809795),John Ludvig,36809795,D/UTIL,2500,VGK@COL 11/27/2024 10:00PM ET,COL,3.68
,,,,,,,,,,D,Oliver Kylington (36809797),Oliver Kylington,36809797,D/UTIL,2500,VGK@COL 11/27/2024 10:00PM ET,COL,3.9
,,,,,,,,,,D,Tucker Poolman (36809799),Tucker Poolman,36809799,D/UTIL,2500,VGK@COL 11/27/2024 10:00PM ET,COL,0
,,,,,,,,,,D,Nicolas Hague (36809881),Nicolas Hague,36809881,D/UTIL,2500,VGK@COL 11/27/2024 10:00PM ET,VGK,4.26
,,,,,,,,,,D,Robert Hagg (36809883),Robert Hagg,36809883,D/UTIL,2500,VGK@COL 11/27/2024 10:00PM ET,VGK,1.3
,,,,,,,,,,D,Lukas Cormier (36809885),Lukas Cormier,36809885,D/UTIL,2500,VGK@COL 11/27/2024 10:00PM ET,VGK,0
,,,,,,,,,,D,Ben Hutton (36809887),Ben Hutton,36809887,D/UTIL,2500,VGK@COL 11/27/2024 10:00PM ET,VGK,3.1
,,,,,,,,,,C,Oskar Sundqvist (36808763),Oskar Sundqvist,36808763,C/UTIL,2500,STL@NJD 11/27/2024 07:00PM ET,STL,3.44
,,,,,,,,,,C,Radek Faksa (36808765),Radek Faksa,36808765,C/UTIL,2500,STL@NJD 11/27/2024 07:00PM ET,STL,3.78
,,,,,,,,,,C,Justin Dowling (36808787),Justin Dowling,36808787,C/UTIL,2500,STL@NJD 11/27/2024 07:00PM ET,NJD,2.32
,,,,,,,,,,C,Kurtis MacDermid (36808789),Kurtis MacDermid,36808789,C/UTIL,2500,STL@NJD 11/27/2024 07:00PM ET,NJD,1.55
,,,,,,,,,,C,Curtis Lazar (36808791),Curtis Lazar,36808791,C/UTIL,2500,STL@NJD 11/27/2024 07:00PM ET,NJD,2.45
,,,,,,,,,,RW,Zack Bolduc (36809233),Zack Bolduc,36809233,W/UTIL,2500,STL@NJD 11/27/2024 07:00PM ET,STL,5.28
,,,,,,,,,,RW,Nathan Walker (36809235),Nathan Walker,36809235,W/UTIL,2500,STL@NJD 11/27/2024 07:00PM ET,STL,4.91
,,,,,,,,,,LW,Alexey Toropchenko (36809237),Alexey Toropchenko,36809237,W/UTIL,2500,STL@NJD 11/27/2024 07:00PM ET,STL,4.03
,,,,,,,,,,RW,Alexandre Texier (36809239),Alexandre Texier,36809239,W/UTIL,2500,STL@NJD 11/27/2024 07:00PM ET,STL,4.83
,,,,,,,,,,LW,Mathieu Joseph (36809241),Mathieu Joseph,36809241,W/UTIL,2500,STL@NJD 11/27/2024 07:00PM ET,STL,4.22
,,,,,,,,,,LW,Paul Cotter (36809293),Paul Cotter,36809293,W/UTIL,2500,STL@NJD 11/27/2024 07:00PM ET,NJD,6.01
,,,,,,,,,,LW,Shane Bowers (36809295),Shane Bowers,36809295,W/UTIL,2500,STL@NJD 11/27/2024 07:00PM ET,NJD,2.15
,,,,,,,,,,RW,Tomas Tatar (36809297),Tomas Tatar,36809297,W/UTIL,2500,STL@NJD 11/27/2024 07:00PM ET,NJD,4
,,,,,,,,,,LW,Nolan Foote (36809299),Nolan Foote,36809299,W/UTIL,2500,STL@NJD 11/27/2024 07:00PM ET,NJD,0
,,,,,,,,,,RW,Nathan Bastian (36809301),Nathan Bastian,36809301,W/UTIL,2500,STL@NJD 11/27/2024 07:00PM ET,NJD,4.97
,,,,,,,,,,D,Matthew Kessel (36809821),Matthew Kessel,36809821,D/UTIL,2500,STL@NJD 11/27/2024 07:00PM ET,STL,2.52
,,,,,,,,,,D,Pierre-Olivier Joseph (36809823),Pierre-Olivier Joseph,36809823,D/UTIL,2500,STL@NJD 11/27/2024 07:00PM ET,STL,3.29
,,,,,,,,,,D,Corey Schueneman (36809825),Corey Schueneman,36809825,D/UTIL,2500,STL@NJD 11/27/2024 07:00PM ET,STL,4.52
,,,,,,,,,,D,Torey Krug (36809827),Torey Krug,36809827,D/UTIL,2500,STL@NJD 11/27/2024 07:00PM ET,STL,0
,,,,,,,,,,D,Santeri Hatakka (36809857),Santeri Hatakka,36809857,D/UTIL,2500,STL@NJD 11/27/2024 07:00PM ET,NJD,0
,,,,,,,,,,D,Nick DeSimone (36809859),Nick DeSimone,36809859,D/UTIL,2500,STL@NJD 11/27/2024 07:00PM ET,NJD,0
,,,,,,,,,,D,Seamus Casey (36809861),Seamus Casey,36809861,D/UTIL,2500,STL@NJD 11/27/2024 07:00PM ET,NJD,6.08
,,,,,,,,,,D,Simon Nemec (36809863),Simon Nemec,36809863,D/UTIL,2500,STL@NJD 11/27/2024 07:00PM ET,NJD,4.17
,,,,,,,,,,C,Tyson Jost (36808805),Tyson Jost,36808805,C/UTIL,2500,NYR@CAR 11/27/2024 07:00PM ET,CAR,3.11
,,,,,,,,,,C,Sam Carrick (36808845),Sam Carrick,36808845,C/UTIL,2500,NYR@CAR 11/27/2024 07:00PM ET,NYR,3.55
,,,,,,,,,,RW,William Carrier (36809333),William Carrier,36809333,W/UTIL,2500,NYR@CAR 11/27/2024 07:00PM ET,CAR,3.27
,,,,,,,,,,RW,Jesper Fast (36809335),Jesper Fast,36809335,W/UTIL,2500,NYR@CAR 11/27/2024 07:00PM ET,CAR,0
,,,,,,,,,,RW,Brett Berard (36809421),Brett Berard,36809421,W/UTIL,2500,NYR@CAR 11/27/2024 07:00PM ET,NYR,8
,,,,,,,,,,LW,Adam Edstrom (36809423),Adam Edstrom,36809423,W/UTIL,2500,NYR@CAR 11/27/2024 07:00PM ET,NYR,2.44
,,,,,,,,,,LW,Jimmy Vesey (36809425),Jimmy Vesey,36809425,W/UTIL,2500,NYR@CAR 11/27/2024 07:00PM ET,NYR,4
,,,,,,,,,,RW,Matt Rempe (36809427),Matt Rempe,36809427,W/UTIL,2500,NYR@CAR 11/27/2024 07:00PM ET,NYR,0.32
,,,,,,,,,,RW,Jonny Brodzinski (36809429),Jonny Brodzinski,36809429,W/UTIL,2500,NYR@CAR 11/27/2024 07:00PM ET,NYR,4.03
,,,,,,,,,,RW,Riley Nash (36809431),Riley Nash,36809431,W/UTIL,2500,NYR@CAR 11/27/2024 07:00PM ET,NYR,0
,,,,,,,,,,D,Sean Walker (36809889),Sean Walker,36809889,D/UTIL,2500,NYR@CAR 11/27/2024 07:00PM ET,CAR,4.73
,,,,,,,,,,D,Zac Jones (36809959),Zac Jones,36809959,D/UTIL,2500,NYR@CAR 11/27/2024 07:00PM ET,NYR,4.82
,,,,,,,,,,D,Victor Mancini (36809961),Victor Mancini,36809961,D/UTIL,2500,NYR@CAR 11/27/2024 07:00PM ET,NYR,6.46
,,,,,,,,,,D,Chad Ruhwedel (36809963),Chad Ruhwedel,36809963,D/UTIL,2500,NYR@CAR 11/27/2024 07:00PM ET,NYR,8.2
,,,,,,,,,,D,Matthew Robertson (36809965),Matthew Robertson,36809965,D/UTIL,2500,NYR@CAR 11/27/2024 07:00PM ET,NYR,0
,,,,,,,,,,C,Kevin Rooney (36808793),Kevin Rooney,36808793,C/UTIL,2500,CGY@DET 11/27/2024 07:30PM ET,CGY,2.96
,,,,,,,,,,RW,Justin Kirkland (36809309),Justin Kirkland,36809309,W/UTIL,2500,CGY@DET 11/27/2024 07:30PM ET,CGY,4.83
,,,,,,,,,,LW,Ryan Lomberg (36809311),Ryan Lomberg,36809311,W/UTIL,2500,CGY@DET 11/27/2024 07:30PM ET,CGY,1.76
,,,,,,,,,,RW,Adam Klapka (36809313),Adam Klapka,36809313,W/UTIL,2500,CGY@DET 11/27/2024 07:30PM ET,CGY,3.1
,,,,,,,,,,LW,Samuel Honzek (36809315),Samuel Honzek,36809315,W/UTIL,2500,CGY@DET 11/27/2024 07:30PM ET,CGY,2.32
,,,,,,,,,,RW,Jonatan Berggren (36809433),Jonatan Berggren,36809433,W/UTIL,2500,CGY@DET 11/27/2024 07:30PM ET,DET,4.13
,,,,,,,,,,LW,Michael Rasmussen (36809435),Michael Rasmussen,36809435,W/UTIL,2500,CGY@DET 11/27/2024 07:30PM ET,DET,3.62
,,,,,,,,,,RW,Christian Fischer (36809437),Christian Fischer,36809437,W/UTIL,2500,CGY@DET 11/27/2024 07:30PM ET,DET,1.83
,,,,,,,,,,RW,Joe Veleno (36809439),Joe Veleno,36809439,W/UTIL,2500,CGY@DET 11/27/2024 07:30PM ET,DET,2.9
,,,,,,,,,,LW,Tyler Motte (36809441),Tyler Motte,36809441,W/UTIL,2500,CGY@DET 11/27/2024 07:30PM ET,DET,3.34
,,,,,,,,,,D,Brayden Pachal (36809869),Brayden Pachal,36809869,D/UTIL,2500,CGY@DET 11/27/2024 07:30PM ET,CGY,3.64
,,,,,,,,,,D,Joel Hanley (36809871),Joel Hanley,36809871,D/UTIL,2500,CGY@DET 11/27/2024 07:30PM ET,CGY,3.45
,,,,,,,,,,D,Jake Bean (36809873),Jake Bean,36809873,D/UTIL,2500,CGY@DET 11/27/2024 07:30PM ET,CGY,4.23
,,,,,,,,,,D,Tyson Barrie (36809875),Tyson Barrie,36809875,D/UTIL,2500,CGY@DET 11/27/2024 07:30PM ET,CGY,4.99
,,,,,,,,,,D,Justin Holl (36809967),Justin Holl,36809967,D/UTIL,2500,CGY@DET 11/27/2024 07:30PM ET,DET,2.94
,,,,,,,,,,D,Erik Gustafsson (36809969),Erik Gustafsson,36809969,D/UTIL,2500,CGY@DET 11/27/2024 07:30PM ET,DET,4.15
,,,,,,,,,,D,Albert Johansson (36809971),Albert Johansson,36809971,D/UTIL,2500,CGY@DET 11/27/2024 07:30PM ET,DET,3.84
,,,,,,,,,,C,Lars Eller (36808781),Lars Eller,36808781,C/UTIL,2500,WSH@TBL 11/27/2024 07:30PM ET,WSH,6.01
,,,,,,,,,,C,Nicklas Backstrom (36808783),Nicklas Backstrom,36808783,C/UTIL,2500,WSH@TBL 11/27/2024 07:30PM ET,WSH,0
,,,,,,,,,,C,Mike Sgarbossa (36808785),Mike Sgarbossa,36808785,C/UTIL,2500,WSH@TBL 11/27/2024 07:30PM ET,WSH,5.43
,,,,,,,,,,C,Luke Glendening (36808819),Luke Glendening,36808819,C/UTIL,2500,WSH@TBL 11/27/2024 07:30PM ET,TBL,3.04
,,,,,,,,,,C,Jack Finley (36808821),Jack Finley,36808821,C/UTIL,2500,WSH@TBL 11/27/2024 07:30PM ET,TBL,0
,,,,,,,,,,RW,Taylor Raddysh (36809281),Taylor Raddysh,36809281,W/UTIL,2500,WSH@TBL 11/27/2024 07:30PM ET,WSH,4.96
,,,,,,,,,,LW,Hendrix Lapierre (36809283),Hendrix Lapierre,36809283,W/UTIL,2500,WSH@TBL 11/27/2024 07:30PM ET,WSH,3.71
,,,,,,,,,,RW,Ivan Miroshnichenko (36809285),Ivan Miroshnichenko,36809285,W/UTIL,2500,WSH@TBL 11/27/2024 07:30PM ET,WSH,5
,,,,,,,,,,LW,Brandon Duhaime (36809287),Brandon Duhaime,36809287,W/UTIL,2500,WSH@TBL 11/27/2024 07:30PM ET,WSH,5.85
,,,,,,,,,,LW,Sonny Milano (36809289),Sonny Milano,36809289,W/UTIL,2500,WSH@TBL 11/27/2024 07:30PM ET,WSH,2
,,,,,,,,,,RW,T.J. Oshie (36809291),T.J. Oshie,36809291,W/UTIL,2500,WSH@TBL 11/27/2024 07:30PM ET,WSH,0
,,,,,,,,,,RW,Mitchell Chaffee (36809367),Mitchell Chaffee,36809367,W/UTIL,2500,WSH@TBL 11/27/2024 07:30PM ET,TBL,5.14
,,,,,,,,,,LW,Zemgus Girgensons (36809369),Zemgus Girgensons,36809369,W/UTIL,2500,WSH@TBL 11/27/2024 07:30PM ET,TBL,2.52
,,,,,,,,,,RW,Michael Eyssimont (36809371),Michael Eyssimont,36809371,W/UTIL,2500,WSH@TBL 11/27/2024 07:30PM ET,TBL,4.48
,,,,,,,,,,LW,Cam Atkinson (36809373),Cam Atkinson,36809373,W/UTIL,2500,WSH@TBL 11/27/2024 07:30PM ET,TBL,3.18
,,,,,,,,,,LW,Conor Sheary (36809375),Conor Sheary,36809375,W/UTIL,2500,WSH@TBL 11/27/2024 07:30PM ET,TBL,0.43
,,,,,,,,,,D,Alexander Alexeyev (36809853),Alexander Alexeyev,36809853,D/UTIL,2500,WSH@TBL 11/27/2024 07:30PM ET,WSH,5
,,,,,,,,,,D,Dylan McIlrath (36809855),Dylan McIlrath,36809855,D/UTIL,2500,WSH@TBL 11/27/2024 07:30PM ET,WSH,2.51
,,,,,,,,,,D,Nick Perbix (36809923),Nick Perbix,36809923,D/UTIL,2500,WSH@TBL 11/27/2024 07:30PM ET,TBL,6.14
,,,,,,,,,,D,Emil Lilleberg (36809925),Emil Lilleberg,36809925,D/UTIL,2500,WSH@TBL 11/27/2024 07:30PM ET,TBL,3.79
,,,,,,,,,,C,Fraser Minten (36808823),Fraser Minten,36808823,C/UTIL,2500,TOR@FLA 11/27/2024 07:30PM ET,TOR,9
,,,,,,,,,,C,Connor Dewar (36808825),Connor Dewar,36808825,C/UTIL,2500,TOR@FLA 11/27/2024 07:30PM ET,TOR,2.54
,,,,,,,,,,C,David Kampf (36808827),David Kampf,36808827,C/UTIL,2500,TOR@FLA 11/27/2024 07:30PM ET,TOR,2.78
,,,,,,,,,,C,Calle Jarnkrok (36808829),Calle Jarnkrok,36808829,C/UTIL,2500,TOR@FLA 11/27/2024 07:30PM ET,TOR,0
,,,,,,,,,,C,Tomas Nosek (36808831),Tomas Nosek,36808831,C/UTIL,2500,TOR@FLA 11/27/2024 07:30PM ET,FLA,3.7
,,,,,,,,,,C,Patrick Giles (36808833),Patrick Giles,36808833,C/UTIL,2500,TOR@FLA 11/27/2024 07:30PM ET,FLA,1.24
,,,,,,,,,,LW,Nicholas Robertson (36809377),Nicholas Robertson,36809377,W/UTIL,2500,TOR@FLA 11/27/2024 07:30PM ET,TOR,3.61
,,,,,,,,,,LW,Nikita Grebenkin (36809379),Nikita Grebenkin,36809379,W/UTIL,2500,TOR@FLA 11/27/2024 07:30PM ET,TOR,1.4
,,,,,,,,,,RW,Alex Nylander (36809381),Alex Nylander,36809381,W/UTIL,2500,TOR@FLA 11/27/2024 07:30PM ET,TOR,3
,,,,,,,,,,LW,Alex Steeves (36809383),Alex Steeves,36809383,W/UTIL,2500,TOR@FLA 11/27/2024 07:30PM ET,TOR,2.5
,,,,,,,,,,RW,Steven Lorentz (36809385),Steven Lorentz,36809385,W/UTIL,2500,TOR@FLA 11/27/2024 07:30PM ET,TOR,4.34
,,,,,,,,,,RW,Ryan Reaves (36809387),Ryan Reaves,36809387,W/UTIL,2500,TOR@FLA 11/27/2024 07:30PM ET,TOR,1.13
,,,,,,,,,,RW,Mackie Samoskevich (36809389),Mackie Samoskevich,36809389,W/UTIL,2500,TOR@FLA 11/27/2024 07:30PM ET,FLA,4.11
,,,,,,,,,,LW,Eetu Luostarinen (36809391),Eetu Luostarinen,36809391,W/UTIL,2500,TOR@FLA 11/27/2024 07:30PM ET,FLA,4.79
,,,,,,,,,,RW,Jesper Boqvist (36809393),Jesper Boqvist,36809393,W/UTIL,2500,TOR@FLA 11/27/2024 07:30PM ET,FLA,3.77
,,,,,,,,,,LW,A.J. Greer (36809395),A.J. Greer,36809395,W/UTIL,2500,TOR@FLA 11/27/2024 07:30PM ET,FLA,4.25
,,,,,,,,,,RW,Jonah Gadjovich (36809397),Jonah Gadjovich,36809397,W/UTIL,2500,TOR@FLA 11/27/2024 07:30PM ET,FLA,1.71
,,,,,,,,,,D,Simon Benoit (36809927),Simon Benoit,36809927,D/UTIL,2500,TOR@FLA 11/27/2024 07:30PM ET,TOR,3.84
,,,,,,,,,,D,Conor Timmins (36809929),Conor Timmins,36809929,D/UTIL,2500,TOR@FLA 11/27/2024 07:30PM ET,TOR,4.47
,,,,,,,,,,D,Philippe Myers (36809931),Philippe Myers,36809931,D/UTIL,2500,TOR@FLA 11/27/2024 07:30PM ET,TOR,0
,,,,,,,,,,D,Dakota Mermis (36809933),Dakota Mermis,36809933,D/UTIL,2500,TOR@FLA 11/27/2024 07:30PM ET,TOR,0
,,,,,,,,,,D,Matt Benning (36809935),Matt Benning,36809935,D/UTIL,2500,TOR@FLA 11/27/2024 07:30PM ET,TOR,3.79
,,,,,,,,,,D,Dmitry Kulikov (36809937),Dmitry Kulikov,36809937,D/UTIL,2500,TOR@FLA 11/27/2024 07:30PM ET,FLA,4.41
,,,,,,,,,,D,Uvis Balinskis (36809939),Uvis Balinskis,36809939,D/UTIL,2500,TOR@FLA 11/27/2024 07:30PM ET,FLA,3.80
,,,,,,,,,,D,Nate Schmidt (36809941),Nate Schmidt,36809941,D/UTIL,2500,TOR@FLA 11/27/2024 07:30PM ET,FLA,4.24
,,,,,,,,,,D,Adam Boqvist (36809943),Adam Boqvist,36809943,D/UTIL,2500,TOR@FLA 11/27/2024 07:30PM ET,FLA,3.43
,,,,,,,,,,C,Marc McLaughlin (36808767),Marc McLaughlin,36808767,C/UTIL,2500,BOS@NYI 11/27/2024 07:30PM ET,BOS,0
,,,,,,,,,,C,Matthew Poitras (36808769),Matthew Poitras,36808769,C/UTIL,2500,BOS@NYI 11/27/2024 07:30PM ET,BOS,3.12
,,,,,,,,,,C,Casey Cizikas (36808807),Casey Cizikas,36808807,C/UTIL,2500,BOS@NYI 11/27/2024 07:30PM ET,NYI,3.74
,,,,,,,,,,C,Kyle MacLean (36808809),Kyle MacLean,36808809,C/UTIL,2500,BOS@NYI 11/27/2024 07:30PM ET,NYI,1.49
,,,,,,,,,,RW,Tyler Johnson (36809243),Tyler Johnson,36809243,W/UTIL,2500,BOS@NYI 11/27/2024 07:30PM ET,BOS,2.52
,,,,,,,,,,LW,Trent Frederic (36809245),Trent Frederic,36809245,W/UTIL,2500,BOS@NYI 11/27/2024 07:30PM ET,BOS,4.66
,,,,,,,,,,LW,John Beecher (36809247),John Beecher,36809247,W/UTIL,2500,BOS@NYI 11/27/2024 07:30PM ET,BOS,4.53
,,,,,,,,,,LW,Georgii Merkulov (36809249),Georgii Merkulov,36809249,W/UTIL,2500,BOS@NYI 11/27/2024 07:30PM ET,BOS,3.17
,,,,,,,,,,LW,Max Jones (36809251),Max Jones,36809251,W/UTIL,2500,BOS@NYI 11/27/2024 07:30PM ET,BOS,0.7
,,,,,,,,,,LW,Riley Tufte (36809253),Riley Tufte,36809253,W/UTIL,2500,BOS@NYI 11/27/2024 07:30PM ET,BOS,0
,,,,,,,,,,LW,Pierre Engvall (36809337),Pierre Engvall,36809337,W/UTIL,2500,BOS@NYI 11/27/2024 07:30PM ET,NYI,5.51
,,,,,,,,,,RW,Simon Holmstrom (36809339),Simon Holmstrom,36809339,W/UTIL,2500,BOS@NYI 11/27/2024 07:30PM ET,NYI,5.16
,,,,,,,,,,LW,Matt Martin (36809341),Matt Martin,36809341,W/UTIL,2500,BOS@NYI 11/27/2024 07:30PM ET,NYI,1.96
,,,,,,,,,,LW,Hudson Fasching (36809343),Hudson Fasching,36809343,W/UTIL,2500,BOS@NYI 11/27/2024 07:30PM ET,NYI,0.52
,,,,,,,,,,LW,Daylan Kuefler (36809345),Daylan Kuefler,36809345,W/UTIL,2500,BOS@NYI 11/27/2024 07:30PM ET,NYI,0
,,,,,,,,,,RW,Julien Gauthier (36809347),Julien Gauthier,36809347,W/UTIL,2500,BOS@NYI 11/27/2024 07:30PM ET,NYI,0
,,,,,,,,,,RW,Liam Foudy (36809349),Liam Foudy,36809349,W/UTIL,2500,BOS@NYI 11/27/2024 07:30PM ET,NYI,1.4
,,,,,,,,,,D,Parker Wotherspoon (36809829),Parker Wotherspoon,36809829,D/UTIL,2500,BOS@NYI 11/27/2024 07:30PM ET,BOS,2.05
,,,,,,,,,,D,Andrew Peeke (36809831),Andrew Peeke,36809831,D/UTIL,2500,BOS@NYI 11/27/2024 07:30PM ET,BOS,5.14
,,,,,,,,,,D,Jordan Oesterle (36809833),Jordan Oesterle,36809833,D/UTIL,2500,BOS@NYI 11/27/2024 07:30PM ET,BOS,2.3
,,,,,,,,,,D,Alec Regula (36809835),Alec Regula,36809835,D/UTIL,2500,BOS@NYI 11/27/2024 07:30PM ET,BOS,0
,,,,,,,,,,D,Isaiah George (36809891),Isaiah George,36809891,D/UTIL,2500,BOS@NYI 11/27/2024 07:30PM ET,NYI,3.56
,,,,,,,,,,D,Dennis Cholowski (36809893),Dennis Cholowski,36809893,D/UTIL,2500,BOS@NYI 11/27/2024 07:30PM ET,NYI,4.64
,,,,,,,,,,D,Grant Hutton (36809895),Grant Hutton,36809895,D/UTIL,2500,BOS@NYI 11/27/2024 07:30PM ET,NYI,4.21
,,,,,,,,,,D,Mike Reilly (36809897),Mike Reilly,36809897,D/UTIL,2500,BOS@NYI 11/27/2024 07:30PM ET,NYI,2.52
,,,,,,,,,,C,Aatu Raty (36808777),Aatu Raty,36808777,C/UTIL,2500,VAN@PIT 11/27/2024 07:30PM ET,VAN,2.23
,,,,,,,,,,C,Nils Aman (36808779),Nils Aman,36808779,C/UTIL,2500,VAN@PIT 11/27/2024 07:30PM ET,VAN,2.6
,,,,,,,,,,C,Kevin Hayes (36808835),Kevin Hayes,36808835,C/UTIL,2500,VAN@PIT 11/27/2024 07:30PM ET,PIT,3.62
,,,,,,,,,,C,Vasily Ponomarev (36808837),Vasily Ponomarev,36808837,C/UTIL,2500,VAN@PIT 11/27/2024 07:30PM ET,PIT,2.43
,,,,,,,,,,LW,Dakota Joshua (36809269),Dakota Joshua,36809269,W/UTIL,2500,VAN@PIT 11/27/2024 07:30PM ET,VAN,2.98
,,,,,,,,,,RW,Danton Heinen (36809271),Danton Heinen,36809271,W/UTIL,2500,VAN@PIT 11/27/2024 07:30PM ET,VAN,5.22
,,,,,,,,,,RW,Arshdeep Bains (36809273),Arshdeep Bains,36809273,W/UTIL,2500,VAN@PIT 11/27/2024 07:30PM ET,VAN,2.4
,,,,,,,,,,LW,Nils Hoglander (36809275),Nils Hoglander,36809275,W/UTIL,2500,VAN@PIT 11/27/2024 07:30PM ET,VAN,3.9
,,,,,,,,,,RW,Max Sasson (36809277),Max Sasson,36809277,W/UTIL,2500,VAN@PIT 11/27/2024 07:30PM ET,VAN,5
,,,,,,,,,,RW,Jonathan Lekkerimaki (36809279),Jonathan Lekkerimaki,36809279,W/UTIL,2500,VAN@PIT 11/27/2024 07:30PM ET,VAN,4.32
,,,,,,,,,,RW,Valtteri Puustinen (36809399),Valtteri Puustinen,36809399,W/UTIL,2500,VAN@PIT 11/27/2024 07:30PM ET,PIT,2.9
,,,,,,,,,,RW,Jesse Puljujarvi (36809401),Jesse Puljujarvi,36809401,W/UTIL,2500,VAN@PIT 11/27/2024 07:30PM ET,PIT,5.62
,,,,,,,,,,LW,Matt Nieto (36809403),Matt Nieto,36809403,W/UTIL,2500,VAN@PIT 11/27/2024 07:30PM ET,PIT,2.88
,,,,,,,,,,RW,Cody Glass (36809405),Cody Glass,36809405,W/UTIL,2500,VAN@PIT 11/27/2024 07:30PM ET,PIT,3.82
,,,,,,,,,,LW,Philip Tomasino (36809407),Philip Tomasino,36809407,W/UTIL,2500,VAN@PIT 11/27/2024 07:30PM ET,PIT,3.13
,,,,,,,,,,LW,Rutger McGroarty (36809409),Rutger McGroarty,36809409,W/UTIL,2500,VAN@PIT 11/27/2024 07:30PM ET,PIT,1
,,,,,,,,,,LW,Sam Poulin (36809411),Sam Poulin,36809411,W/UTIL,2500,VAN@PIT 11/27/2024 07:30PM ET,PIT,1.33
,,,,,,,,,,D,Noah Juulsen (36809847),Noah Juulsen,36809847,D/UTIL,2500,VAN@PIT 11/27/2024 07:30PM ET,VAN,2.5
,,,,,,,,,,D,Vincent Desharnais (36809849),Vincent Desharnais,36809849,D/UTIL,2500,VAN@PIT 11/27/2024 07:30PM ET,VAN,2.71
,,,,,,,,,,D,Derek Forbort (36809851),Derek Forbort,36809851,D/UTIL,2500,VAN@PIT 11/27/2024 07:30PM ET,VAN,4.75
,,,,,,,,,,D,Ryan Graves (36809945),Ryan Graves,36809945,D/UTIL,2500,VAN@PIT 11/27/2024 07:30PM ET,PIT,3.77
,,,,,,,,,,D,Ryan Shea (36809947),Ryan Shea,36809947,D/UTIL,2500,VAN@PIT 11/27/2024 07:30PM ET,PIT,2.4
,,,,,,,,,,D,Owen Pickering (36809949),Owen Pickering,36809949,D/UTIL,2500,VAN@PIT 11/27/2024 07:30PM ET,PIT,2.65
,,,,,,,,,,D,Jack St. Ivany (36809951),Jack St. Ivany,36809951,D/UTIL,2500,VAN@PIT 11/27/2024 07:30PM ET,PIT,3.45
,,,,,,,,,,C,Sean Kuraly (36808757),Sean Kuraly,36808757,C/UTIL,2500,MTL@CBJ 11/27/2024 07:30PM ET,CBJ,3.68
,,,,,,,,,,C,Jordan Dumais (36808759),Jordan Dumais,36808759,C/UTIL,2500,MTL@CBJ 11/27/2024 07:30PM ET,CBJ,0
,,,,,,,,,,C,Cayden Lindstrom (36808761),Cayden Lindstrom,36808761,C/UTIL,2500,MTL@CBJ 11/27/2024 07:30PM ET,CBJ,0
,,,,,,,,,,C,Christian Dvorak (36808771),Christian Dvorak,36808771,C/UTIL,2500,MTL@CBJ 11/27/2024 07:30PM ET,MTL,5.49
,,,,,,,,,,C,Michael Pezzetta (36808773),Michael Pezzetta,36808773,C/UTIL,2500,MTL@CBJ 11/27/2024 07:30PM ET,MTL,1.37
,,,,,,,,,,C,Alex Barre-Boulet (36808775),Alex Barre-Boulet,36808775,C/UTIL,2500,MTL@CBJ 11/27/2024 07:30PM ET,MTL,0
,,,,,,,,,,LW,Zach Aston-Reese (36809225),Zach Aston-Reese,36809225,W/UTIL,2500,MTL@CBJ 11/27/2024 07:30PM ET,CBJ,5.93
,,,,,,,,,,LW,James van Riemsdyk (36809227),James van Riemsdyk,36809227,W/UTIL,2500,MTL@CBJ 11/27/2024 07:30PM ET,CBJ,4.31
,,,,,,,,,,RW,Kevin Labanc (36809229),Kevin Labanc,36809229,W/UTIL,2500,MTL@CBJ 11/27/2024 07:30PM ET,CBJ,5.96
,,,,,,,,,,LW,Mikael Pyyhtia (36809231),Mikael Pyyhtia,36809231,W/UTIL,2500,MTL@CBJ 11/27/2024 07:30PM ET,CBJ,3.02
,,,,,,,,,,LW,Josh Anderson (36809255),Josh Anderson,36809255,W/UTIL,2500,MTL@CBJ 11/27/2024 07:30PM ET,MTL,5.74
,,,,,,,,,,LW,Emil Heineman (36809257),Emil Heineman,36809257,W/UTIL,2500,MTL@CBJ 11/27/2024 07:30PM ET,MTL,4.84
,,,,,,,,,,RW,Joshua Roy (36809259),Joshua Roy,36809259,W/UTIL,2500,MTL@CBJ 11/27/2024 07:30PM ET,MTL,0
,,,,,,,,,,LW,Rafael Harvey-Pinard (36809261),Rafael Harvey-Pinard,36809261,W/UTIL,2500,MTL@CBJ 11/27/2024 07:30PM ET,MTL,0
,,,,,,,,,,RW,Jacob Perreault (36809263),Jacob Perreault,36809263,W/UTIL,2500,MTL@CBJ 11/27/2024 07:30PM ET,MTL,0
,,,,,,,,,,RW,Oliver Kapanen (36809265),Oliver Kapanen,36809265,W/UTIL,2500,MTL@CBJ 11/27/2024 07:30PM ET,MTL,3.11
,,,,,,,,,,LW,Lucas Condotta (36809267),Lucas Condotta,36809267,W/UTIL,2500,MTL@CBJ 11/27/2024 07:30PM ET,MTL,2.84
,,,,,,,,,,D,Jordan Harris (36809811),Jordan Harris,36809811,D/UTIL,2500,MTL@CBJ 11/27/2024 07:30PM ET,CBJ,3.68
,,,,,,,,,,D,Jake Christiansen (36809813),Jake Christiansen,36809813,D/UTIL,2500,MTL@CBJ 11/27/2024 07:30PM ET,CBJ,5.09
,,,,,,,,,,D,Erik Gudbranson (36809815),Erik Gudbranson,36809815,D/UTIL,2500,MTL@CBJ 11/27/2024 07:30PM ET,CBJ,1.8
,,,,,,,,,,D,Jack Johnson (36809817),Jack Johnson,36809817,D/UTIL,2500,MTL@CBJ 11/27/2024 07:30PM ET,CBJ,2
,,,,,,,,,,D,David Jiricek (36809819),David Jiricek,36809819,D/UTIL,2500,MTL@CBJ 11/27/2024 07:30PM ET,CBJ,2.95
,,,,,,,,,,D,Arber Xhekaj (36809837),Arber Xhekaj,36809837,D/UTIL,2500,MTL@CBJ 11/27/2024 07:30PM ET,MTL,3.11
,,,,,,,,,,D,Jayden Struble (36809839),Jayden Struble,36809839,D/UTIL,2500,MTL@CBJ 11/27/2024 07:30PM ET,MTL,4.99
,,,,,,,,,,D,Justin Barron (36809841),Justin Barron,36809841,D/UTIL,2500,MTL@CBJ 11/27/2024 07:30PM ET,MTL,4.24
,,,,,,,,,,D,David Reinbacher (36809843),David Reinbacher,36809843,D/UTIL,2500,MTL@CBJ 11/27/2024 07:30PM ET,MTL,0
,,,,,,,,,,D,Logan Mailloux (36809845),Logan Mailloux,36809845,D/UTIL,2500,MTL@CBJ 11/27/2024 07:30PM ET,MTL,7.62
,,,,,,,,,,C,Noah Cates (36808795),Noah Cates,36808795,C/UTIL,2500,PHI@NSH 11/27/2024 08:00PM ET,PHI,3.27
,,,,,,,,,,C,Jett Luchanko (36808797),Jett Luchanko,36808797,C/UTIL,2500,PHI@NSH 11/27/2024 08:00PM ET,PHI,1.12
,,,,,,,,,,C,Fedor Svechkov (36808839),Fedor Svechkov,36808839,C/UTIL,2500,PHI@NSH 11/27/2024 08:00PM ET,NSH,0.65
,,,,,,,,,,C,Michael McCarron (36808841),Michael McCarron,36808841,C/UTIL,2500,PHI@NSH 11/27/2024 08:00PM ET,NSH,3.56
,,,,,,,,,,C,Austin Roest (36808843),Austin Roest,36808843,C/UTIL,2500,PHI@NSH 11/27/2024 08:00PM ET,NSH,0
,,,,,,,,,,LW,Tyson Foerster (36809317),Tyson Foerster,36809317,W/UTIL,2500,PHI@NSH 11/27/2024 08:00PM ET,PHI,4.87
,,,,,,,,,,RW,Garnet Hathaway (36809319),Garnet Hathaway,36809319,W/UTIL,2500,PHI@NSH 11/27/2024 08:00PM ET,PHI,5.73
,,,,,,,,,,LW,Nicolas Deslauriers (36809321),Nicolas Deslauriers,36809321,W/UTIL,2500,PHI@NSH 11/27/2024 08:00PM ET,PHI,1.76
,,,,,,,,,,RW,Anthony Richard (36809323),Anthony Richard,36809323,W/UTIL,2500,PHI@NSH 11/27/2024 08:00PM ET,PHI,9.16
,,,,,,,,,,LW,Juuso Parssinen (36809413),Juuso Parssinen,36809413,W/UTIL,2500,PHI@NSH 11/27/2024 08:00PM ET,NSH,4.65
,,,,,,,,,,LW,Mark Jankowski (36809415),Mark Jankowski,36809415,W/UTIL,2500,PHI@NSH 11/27/2024 08:00PM ET,NSH,2.6
,,,,,,,,,,LW,Cole Smith (36809417),Cole Smith,36809417,W/UTIL,2500,PHI@NSH 11/27/2024 08:00PM ET,NSH,3.32
,,,,,,,,,,RW,Zachary L'Heureux (36809419),Zachary L'Heureux,36809419,W/UTIL,2500,PHI@NSH 11/27/2024 08:00PM ET,NSH,3.7
,,,,,,,,,,D,Erik Johnson (36809877),Erik Johnson,36809877,D/UTIL,2500,PHI@NSH 11/27/2024 08:00PM ET,PHI,2.6
,,,,,,,,,,D,Ryan Ellis (36809879),Ryan Ellis,36809879,D/UTIL,2500,PHI@NSH 11/27/2024 08:00PM ET,PHI,0
,,,,,,,,,,D,Marc Del Gaizo (36809953),Marc Del Gaizo,36809953,D/UTIL,2500,PHI@NSH 11/27/2024 08:00PM ET,NSH,5.07
,,,,,,,,,,D,Luke Schenn (36809955),Luke Schenn,36809955,D/UTIL,2500,PHI@NSH 11/27/2024 08:00PM ET,NSH,4
,,,,,,,,,,D,Spencer Stastney (36809957),Spencer Stastney,36809957,D/UTIL,2500,PHI@NSH 11/27/2024 08:00PM ET,NSH,0
,,,,,,,,,,C,Andreas Athanasiou (36808755),Andreas Athanasiou,36808755,C/UTIL,2500,DAL@CHI 11/27/2024 08:30PM ET,CHI,2.84
,,,,,,,,,,C,Mavrik Bourque (36808853),Mavrik Bourque,36808853,C/UTIL,2500,DAL@CHI 11/27/2024 08:30PM ET,DAL,3.25
,,,,,,,,,,C,Sam Steel (36808855),Sam Steel,36808855,C/UTIL,2500,DAL@CHI 11/27/2024 08:30PM ET,DAL,4.55
,,,,,,,,,,RW,Joey Anderson (36809221),Joey Anderson,36809221,W/UTIL,2500,DAL@CHI 11/27/2024 08:30PM ET,CHI,3.02
,,,,,,,,,,LW,Pat Maroon (36809223),Pat Maroon,36809223,W/UTIL,2500,DAL@CHI 11/27/2024 08:30PM ET,CHI,3.42
,,,,,,,,,,LW,Oskar Back (36809477),Oskar Back,36809477,W/UTIL,2500,DAL@CHI 11/27/2024 08:30PM ET,DAL,2.97
,,,,,,,,,,RW,Colin Blackwell (36809479),Colin Blackwell,36809479,W/UTIL,2500,DAL@CHI 11/27/2024 08:30PM ET,DAL,3.59
,,,,,,,,,,D,Nolan Allan (36809801),Nolan Allan,36809801,D/UTIL,2500,DAL@CHI 11/27/2024 08:30PM ET,CHI,2.8
,,,,,,,,,,D,Louis Crevier (36809803),Louis Crevier,36809803,D/UTIL,2500,DAL@CHI 11/27/2024 08:30PM ET,CHI,2.6
,,,,,,,,,,D,T.J. Brodie (36809805),T.J. Brodie,36809805,D/UTIL,2500,DAL@CHI 11/27/2024 08:30PM ET,CHI,3.42
,,,,,,,,,,D,Wyatt Kaiser (36809807),Wyatt Kaiser,36809807,D/UTIL,2500,DAL@CHI 11/27/2024 08:30PM ET,CHI,5.39
,,,,,,,,,,D,Isaak Phillips (36809809),Isaak Phillips,36809809,D/UTIL,2500,DAL@CHI 11/27/2024 08:30PM ET,CHI,6.07
,,,,,,,,,,D,Brendan Smith (36809991),Brendan Smith,36809991,D/UTIL,2500,DAL@CHI 11/27/2024 08:30PM ET,DAL,3.5
,,,,,,,,,,D,Matt Dumba (36809993),Matt Dumba,36809993,D/UTIL,2500,DAL@CHI 11/27/2024 08:30PM ET,DAL,3.28
,,,,,,,,,,D,Nils Lundkvist (36809995),Nils Lundkvist,36809995,D/UTIL,2500,DAL@CHI 11/27/2024 08:30PM ET,DAL,2.9
,,,,,,,,,,C,Rasmus Kupari (36808811),Rasmus Kupari,36808811,C/UTIL,2500,WPG@LAK 11/27/2024 10:00PM ET,WPG,3.27
,,,,,,,,,,C,Trevor Lewis (36808813),Trevor Lewis,36808813,C/UTIL,2500,WPG@LAK 11/27/2024 10:00PM ET,LAK,4.67
,,,,,,,,,,LW,Morgan Barron (36809351),Morgan Barron,36809351,W/UTIL,2500,WPG@LAK 11/27/2024 10:00PM ET,WPG,3.86
,,,,,,,,,,RW,Alex Iafallo (36809353),Alex Iafallo,36809353,W/UTIL,2500,WPG@LAK 11/27/2024 10:00PM ET,WPG,4.97
,,,,,,,,,,RW,Akil Thomas (36809355),Akil Thomas,36809355,W/UTIL,2500,WPG@LAK 11/27/2024 10:00PM ET,LAK,4.79
,,,,,,,,,,LW,Tanner Jeannot (36809357),Tanner Jeannot,36809357,W/UTIL,2500,WPG@LAK 11/27/2024 10:00PM ET,LAK,2.9
,,,,,,,,,,LW,Arthur Kaliyev (36809359),Arthur Kaliyev,36809359,W/UTIL,2500,WPG@LAK 11/27/2024 10:00PM ET,LAK,0
,,,,,,,,,,LW,Andre Lee (36809361),Andre Lee,36809361,W/UTIL,2500,WPG@LAK 11/27/2024 10:00PM ET,LAK,2.85
,,,,,,,,,,D,Haydn Fleury (36809899),Haydn Fleury,36809899,D/UTIL,2500,WPG@LAK 11/27/2024 10:00PM ET,WPG,4.41
,,,,,,,,,,D,Colin Miller (36809901),Colin Miller,36809901,D/UTIL,2500,WPG@LAK 11/27/2024 10:00PM ET,WPG,4.70
,,,,,,,,,,D,Ville Heinola (36809903),Ville Heinola,36809903,D/UTIL,2500,WPG@LAK 11/27/2024 10:00PM ET,WPG,3
,,,,,,,,,,D,Logan Stanley (36809905),Logan Stanley,36809905,D/UTIL,2500,WPG@LAK 11/27/2024 10:00PM ET,WPG,5.46
,,,,,,,,,,D,Dylan Coghlan (36809907),Dylan Coghlan,36809907,D/UTIL,2500,WPG@LAK 11/27/2024 10:00PM ET,WPG,0
,,,,,,,,,,D,Jacob Moverare (36809909),Jacob Moverare,36809909,D/UTIL,2500,WPG@LAK 11/27/2024 10:00PM ET,LAK,4.48
,,,,,,,,,,D,Andreas Englund (36809911),Andreas Englund,36809911,D/UTIL,2500,WPG@LAK 11/27/2024 10:00PM ET,LAK,2.62
,,,,,,,,,,D,Kyle Burroughs (36809913),Kyle Burroughs,36809913,D/UTIL,2500,WPG@LAK 11/27/2024 10:00PM ET,LAK,1.84
,,,,,,,,,,D,Caleb Jones (36809915),Caleb Jones,36809915,D/UTIL,2500,WPG@LAK 11/27/2024 10:00PM ET,LAK,2.84
,,,,,,,,,,C,Shane Wright (36808815),Shane Wright,36808815,C/UTIL,2500,ANA@SEA 11/27/2024 10:00PM ET,SEA,3.2
,,,,,,,,,,C,Ben Meyers (36808817),Ben Meyers,36808817,C/UTIL,2500,ANA@SEA 11/27/2024 10:00PM ET,SEA,1
,,,,,,,,,,RW,Ross Johnston (36809303),Ross Johnston,36809303,W/UTIL,2500,ANA@SEA 11/27/2024 10:00PM ET,ANA,3.17
,,,,,,,,,,LW,Jansen Harkins (36809305),Jansen Harkins,36809305,W/UTIL,2500,ANA@SEA 11/27/2024 10:00PM ET,ANA,2.1
,,,,,,,,,,RW,Sam Colangelo (36809307),Sam Colangelo,36809307,W/UTIL,2500,ANA@SEA 11/27/2024 10:00PM ET,ANA,4.4
,,,,,,,,,,RW,Tye Kartye (36809363),Tye Kartye,36809363,W/UTIL,2500,ANA@SEA 11/27/2024 10:00PM ET,SEA,3.08
,,,,,,,,,,RW,John Hayden (36809365),John Hayden,36809365,W/UTIL,2500,ANA@SEA 11/27/2024 10:00PM ET,SEA,1.3
,,,,,,,,,,D,Urho Vaakanainen (36809865),Urho Vaakanainen,36809865,D/UTIL,2500,ANA@SEA 11/27/2024 10:00PM ET,ANA,4.32
,,,,,,,,,,D,Tristan Luneau (36809867),Tristan Luneau,36809867,D/UTIL,2500,ANA@SEA 11/27/2024 10:00PM ET,ANA,3.95
,,,,,,,,,,D,Josh Mahura (36809917),Josh Mahura,36809917,D/UTIL,2500,ANA@SEA 11/27/2024 10:00PM ET,SEA,2.05
,,,,,,,,,,D,Will Borgen (36809919),Will Borgen,36809919,D/UTIL,2500,ANA@SEA 11/27/2024 10:00PM ET,SEA,3.48
,,,,,,,,,,D,Cale Fleury (36809921),Cale Fleury,36809921,D/UTIL,2500,ANA@SEA 11/27/2024 10:00PM ET,SEA,2.7
,,,,,,,,,,C,Zack Ostapchuk (36808849),Zack Ostapchuk,36808849,C/UTIL,2500,OTT@SJS 11/27/2024 10:30PM ET,OTT,2.71
,,,,,,,,,,C,Ty Dellandrea (36808851),Ty Dellandrea,36808851,C/UTIL,2500,OTT@SJS 11/27/2024 10:30PM ET,SJS,3.18
,,,,,,,,,,LW,Cole Reinhardt (36809451),Cole Reinhardt,36809451,W/UTIL,2500,OTT@SJS 11/27/2024 10:30PM ET,OTT,7.37
,,,,,,,,,,RW,Michael Amadio (36809453),Michael Amadio,36809453,W/UTIL,2500,OTT@SJS 11/27/2024 10:30PM ET,OTT,3.69
,,,,,,,,,,LW,Nick Cousins (36809455),Nick Cousins,36809455,W/UTIL,2500,OTT@SJS 11/27/2024 10:30PM ET,OTT,3.44
,,,,,,,,,,LW,Noah Gregor (36809457),Noah Gregor,36809457,W/UTIL,2500,OTT@SJS 11/27/2024 10:30PM ET,OTT,4.86
,,,,,,,,,,RW,Zack MacEwen (36809459),Zack MacEwen,36809459,W/UTIL,2500,OTT@SJS 11/27/2024 10:30PM ET,OTT,3.45
,,,,,,,,,,RW,Will Smith (36809461),Will Smith,36809461,W/UTIL,2500,OTT@SJS 11/27/2024 10:30PM ET,SJS,3.98
,,,,,,,,,,LW,Barclay Goodrow (36809463),Barclay Goodrow,36809463,W/UTIL,2500,OTT@SJS 11/27/2024 10:30PM ET,SJS,4.19
,,,,,,,,,,RW,Carl Grundstrom (36809465),Carl Grundstrom,36809465,W/UTIL,2500,OTT@SJS 11/27/2024 10:30PM ET,SJS,3.11
,,,,,,,,,,LW,Givani Smith (36809467),Givani Smith,36809467,W/UTIL,2500,OTT@SJS 11/27/2024 10:30PM ET,SJS,1.15
,,,,,,,,,,LW,Klim Kostin (36809469),Klim Kostin,36809469,W/UTIL,2500,OTT@SJS 11/27/2024 10:30PM ET,SJS,1.11
,,,,,,,,,,RW,Igor Chernyshov (36809471),Igor Chernyshov,36809471,W/UTIL,2500,OTT@SJS 11/27/2024 10:30PM ET,SJS,0
,,,,,,,,,,LW,Danil Gushchin (36809473),Danil Gushchin,36809473,W/UTIL,2500,OTT@SJS 11/27/2024 10:30PM ET,SJS,3.1
,,,,,,,,,,RW,Ethan Cardwell (36809475),Ethan Cardwell,36809475,W/UTIL,2500,OTT@SJS 11/27/2024 10:30PM ET,SJS,1.93
,,,,,,,,,,D,Tyler Kleven (36809983),Tyler Kleven,36809983,D/UTIL,2500,OTT@SJS 11/27/2024 10:30PM ET,OTT,3.38
,,,,,,,,,,D,Henry Thrun (36809985),Henry Thrun,36809985,D/UTIL,2500,OTT@SJS 11/27/2024 10:30PM ET,SJS,5.51
,,,,,,,,,,D,Jan Rutta (36809987),Jan Rutta,36809987,D/UTIL,2500,OTT@SJS 11/27/2024 10:30PM ET,SJS,4.84
,,,,,,,,,,D,Jack Thompson (36809989),Jack Thompson,36809989,D/UTIL,2500,OTT@SJS 11/27/2024 10:30PM ET,SJS,7.12
